CREATE DATABASE  IF NOT EXISTS `panthergrill` /*!40100 DEFAULT CHARACTER SET utf8mb4 COLLATE utf8mb4_0900_ai_ci */ /*!80016 DEFAULT ENCRYPTION='N' */;
USE `panthergrill`;
-- MySQL dump 10.13  Distrib 8.0.21, for Win64 (x86_64)
--
-- Host: 127.0.0.1    Database: panthergrill
-- ------------------------------------------------------
-- Server version	8.0.21

/*!40101 SET @OLD_CHARACTER_SET_CLIENT=@@CHARACTER_SET_CLIENT */;
/*!40101 SET @OLD_CHARACTER_SET_RESULTS=@@CHARACTER_SET_RESULTS */;
/*!40101 SET @OLD_COLLATION_CONNECTION=@@COLLATION_CONNECTION */;
/*!50503 SET NAMES utf8 */;
/*!40103 SET @OLD_TIME_ZONE=@@TIME_ZONE */;
/*!40103 SET TIME_ZONE='+00:00' */;
/*!40014 SET @OLD_UNIQUE_CHECKS=@@UNIQUE_CHECKS, UNIQUE_CHECKS=0 */;
/*!40014 SET @OLD_FOREIGN_KEY_CHECKS=@@FOREIGN_KEY_CHECKS, FOREIGN_KEY_CHECKS=0 */;
/*!40101 SET @OLD_SQL_MODE=@@SQL_MODE, SQL_MODE='NO_AUTO_VALUE_ON_ZERO' */;
/*!40111 SET @OLD_SQL_NOTES=@@SQL_NOTES, SQL_NOTES=0 */;

--
-- Table structure for table `employee`
--

DROP TABLE IF EXISTS `employee`;
/*!40101 SET @saved_cs_client     = @@character_set_client */;
/*!50503 SET character_set_client = utf8mb4 */;
CREATE TABLE `employee` (
  `idemployee` int NOT NULL AUTO_INCREMENT,
  `firstName` varchar(45) NOT NULL,
  `lastName` varchar(45) NOT NULL,
  `fullName` varchar(45) GENERATED ALWAYS AS (concat(`firstName`,_utf8mb4' ',`lastName`)) VIRTUAL,
  `startDate` date NOT NULL DEFAULT (curdate()),
  `title` enum('team member','manager') NOT NULL,
  `wage` decimal(4,2) NOT NULL,
  `phoneNumber` varchar(45) NOT NULL,
  `endDate` date DEFAULT NULL,
  `username` varchar(45) GENERATED ALWAYS AS (`fullName`) STORED,
  `password` varchar(45) GENERATED ALWAYS AS (`phoneNumber`) STORED,
  PRIMARY KEY (`idemployee`)
) ENGINE=InnoDB AUTO_INCREMENT=52 DEFAULT CHARSET=utf8mb4 COLLATE=utf8mb4_0900_ai_ci;
/*!40101 SET character_set_client = @saved_cs_client */;

--
-- Dumping data for table `employee`
--

LOCK TABLES `employee` WRITE;
/*!40000 ALTER TABLE `employee` DISABLE KEYS */;
INSERT INTO `employee` (`idemployee`, `firstName`, `lastName`, `startDate`, `title`, `wage`, `phoneNumber`, `endDate`) VALUES (1,'Ailsun','Elis','2019-10-18','team member',12.00,'1801983511','2023-09-20'),(2,'Sisely','Shaylor','2019-02-03','team member',12.00,'7376856997','2023-12-05'),(3,'Alix','Philipps','2019-10-01','team member',12.00,'3997060800','2024-09-04'),(4,'Lula','Hedderly','2019-11-13','team member',12.00,'8941523019','2024-01-05'),(5,'Lucinda','Bebb','2019-09-17','team member',12.00,'9751571552','2023-11-09'),(6,'Donaugh','Tremlett','2019-09-02','team member',12.00,'6491967288','2023-05-22'),(7,'Stacia','Duhig','2019-09-19','team member',12.00,'9398112134','2024-12-13'),(8,'Edna','Jolliss','2018-12-09','team member',12.00,'1922424754','2024-12-22'),(9,'Sal','Kuhl','2019-04-07','team member',12.00,'8963439435','2024-11-24'),(10,'Mauricio','Barge','2018-12-31','team member',12.00,'6335002473','2023-12-17'),(11,'Emlyn','Fosher','2019-02-28','team member',12.00,'2018177317','2023-11-05'),(12,'Jada','Wein','2019-03-02','team member',12.00,'3377994884','2022-12-08'),(13,'Myrah','Kahane','2019-10-09','team member',12.00,'3619720171','2024-08-18'),(14,'Allie','Domaschke','2019-07-06','team member',12.00,'4163799875','2024-05-23'),(15,'Georgia','Mabbott','2019-03-09','team member',12.00,'7762332899','2023-11-24'),(16,'Jodie','Reignolds','2019-04-29','team member',12.00,'8686915613','2024-05-12'),(17,'Yale','Chalice','2019-03-23','team member',12.00,'7530918569','2024-04-01'),(18,'Dick','Ramage','2019-08-03','team member',12.00,'6853401064','2024-05-31'),(19,'Fonzie','Abbado','2019-07-08','team member',12.00,'8420560628','2024-08-09'),(20,'Sandye','MacDearmont','2019-11-12','team member',12.00,'5300470596','2022-12-31'),(21,'Barnabas','Pailin','2019-10-14','team member',12.00,'7132657805','2024-10-12'),(22,'Rossie','Seyffert','2018-12-08','team member',12.00,'5264679511','2024-07-30'),(23,'Brade','Lymer','2019-09-11','team member',12.00,'7124941321','2023-02-14'),(24,'Emelina','Widdop','2019-04-24','team member',12.00,'7375586940','2025-02-09'),(25,'Lucretia','Westmerland','2019-07-10','team member',12.00,'8173593854','2023-04-22'),(26,'Gill','Southeran','2018-11-18','team member',12.00,'1767369762','2025-02-07'),(27,'Golda','Geram','2019-02-16','team member',12.00,'7194541720','2024-07-10'),(28,'Deck','Pask','2019-09-30','team member',12.00,'8558409829','2025-10-26'),(29,'Kailey','Edelston','2019-06-08','team member',12.00,'3741848935','2025-06-21'),(30,'Sayre','Trevna','2019-09-16','team member',12.00,'6278402245','2023-05-13'),(31,'Cristabel','Luther','2019-04-30','team member',12.00,'4301958786','2024-12-19'),(32,'Fabe','Bilverstone','2019-07-12','team member',12.00,'1221669713','2025-08-26'),(33,'Noll','Critchard','2019-09-17','team member',12.00,'9046908436','2023-07-18'),(34,'Conant','McVeighty','2019-03-16','team member',12.00,'2640287558','2023-05-01'),(35,'Avigdor','Cockings','2019-08-13','team member',12.00,'3650788178','2023-11-28'),(36,'Hamlin','Downer','2019-10-07','manager',20.00,'4551491198','2024-03-03'),(37,'Cammy','Gowland','2019-11-05','manager',20.00,'1933384680','2025-07-10'),(38,'Pearline','Strathearn','2019-10-15','manager',20.00,'3157434234','2025-01-04'),(39,'Carry','Morrilly','2019-01-06','manager',20.00,'5792418877','2025-08-24'),(40,'George','Nuzzi','2018-12-14','manager',20.00,'3402639400','2025-01-21'),(41,'Aggie','Cannicott','2019-09-25','manager',20.00,'4999223091','2023-02-07'),(42,'Aluin','Diggin','2019-05-28','manager',20.00,'3569255469','2024-03-07'),(43,'Malchy','McFie','2019-09-05','manager',20.00,'9896264176','2022-12-26'),(44,'Oralle','Grimwade','2019-02-03','manager',20.00,'8606076316','2024-03-24'),(45,'Kasey','Woodall','2019-02-25','manager',20.00,'8048975288','2023-11-18'),(46,'Con','Brennen','2019-01-22','manager',20.00,'7109358843','2025-07-03'),(47,'Rickard','Labbett','2019-08-29','manager',20.00,'6625319985','2024-06-16'),(48,'Fayth','Leonarde','2019-10-22','manager',20.00,'9763104970','2024-04-03'),(49,'Cherilynn','Arnau','2018-12-22','manager',20.00,'4161525744','2023-04-07');
/*!40000 ALTER TABLE `employee` ENABLE KEYS */;
UNLOCK TABLES;

--
-- Table structure for table `fooditems`
--

DROP TABLE IF EXISTS `fooditems`;
/*!40101 SET @saved_cs_client     = @@character_set_client */;
/*!50503 SET character_set_client = utf8mb4 */;
CREATE TABLE `fooditems` (
  `fooditemsID` int NOT NULL AUTO_INCREMENT,
  `idOrder` int NOT NULL,
  `idItem` int NOT NULL,
  PRIMARY KEY (`fooditemsID`),
  KEY `idOrder_idx` (`idOrder`),
  KEY `idItem_idx` (`idItem`),
  CONSTRAINT `idItem` FOREIGN KEY (`idItem`) REFERENCES `menu` (`idItem`),
  CONSTRAINT `idOrder` FOREIGN KEY (`idOrder`) REFERENCES `orders` (`idOrder`)
) ENGINE=InnoDB AUTO_INCREMENT=1044 DEFAULT CHARSET=utf8mb4 COLLATE=utf8mb4_0900_ai_ci;
/*!40101 SET character_set_client = @saved_cs_client */;

--
-- Dumping data for table `fooditems`
--

LOCK TABLES `fooditems` WRITE;
/*!40000 ALTER TABLE `fooditems` DISABLE KEYS */;
INSERT INTO `fooditems` VALUES (1,1,3),(2,1,1),(3,1,1),(4,2,7),(5,2,6),(6,3,6),(7,3,2),(8,3,4),(9,3,3),(10,3,1),(11,4,2),(12,4,2),(13,4,4),(14,5,7),(15,5,5),(16,5,5),(17,6,1),(18,6,12),(19,7,2),(20,7,12),(21,8,1),(22,8,4),(23,8,11),(24,8,12),(25,9,4),(26,9,12),(27,9,11),(28,10,1),(29,10,12),(30,11,2),(31,12,2),(32,13,12),(33,13,1),(34,13,11),(35,14,1),(36,14,6),(37,15,8),(38,16,1),(39,17,4),(40,17,11),(41,18,7),(42,18,8),(43,18,11),(44,19,3),(45,19,12),(46,20,6),(1015,20,3),(1016,511,7),(1017,512,3),(1018,512,10),(1019,512,12),(1020,513,12),(1021,514,3),(1022,514,10),(1023,514,12),(1024,514,11),(1025,515,1),(1026,515,12),(1027,515,10),(1028,516,4),(1029,516,12),(1030,516,6),(1031,516,10),(1032,516,12),(1033,517,3),(1034,517,10),(1035,517,12),(1036,518,12),(1037,519,2),(1038,519,6),(1039,520,3),(1040,520,12),(1041,521,2),(1042,521,12),(1043,522,6);
/*!40000 ALTER TABLE `fooditems` ENABLE KEYS */;
UNLOCK TABLES;

--
-- Table structure for table `location`
--

DROP TABLE IF EXISTS `location`;
/*!40101 SET @saved_cs_client     = @@character_set_client */;
/*!50503 SET character_set_client = utf8mb4 */;
CREATE TABLE `location` (
  `idlocation` int NOT NULL AUTO_INCREMENT,
  `address` varchar(776) NOT NULL,
  `hoursOpen` time NOT NULL,
  `hoursClose` time NOT NULL,
  PRIMARY KEY (`idlocation`)
) ENGINE=InnoDB AUTO_INCREMENT=4 DEFAULT CHARSET=utf8mb4 COLLATE=utf8mb4_0900_ai_ci;
/*!40101 SET character_set_client = @saved_cs_client */;

--
-- Dumping data for table `location`
--

LOCK TABLES `location` WRITE;
/*!40000 ALTER TABLE `location` DISABLE KEYS */;
INSERT INTO `location` VALUES (1,'The MSC','08:00:00','24:00:00'),(2,'The Zone','08:00:00','24:00:00'),(3,'Northwest Campus','08:00:00','24:00:00');
/*!40000 ALTER TABLE `location` ENABLE KEYS */;
UNLOCK TABLES;

--
-- Table structure for table `menu`
--

DROP TABLE IF EXISTS `menu`;
/*!40101 SET @saved_cs_client     = @@character_set_client */;
/*!50503 SET character_set_client = utf8mb4 */;
CREATE TABLE `menu` (
  `idItem` int NOT NULL AUTO_INCREMENT,
  `foodName` varchar(45) NOT NULL,
  `price` decimal(4,2) NOT NULL,
  PRIMARY KEY (`idItem`)
) ENGINE=InnoDB AUTO_INCREMENT=13 DEFAULT CHARSET=utf8mb4 COLLATE=utf8mb4_0900_ai_ci;
/*!40101 SET character_set_client = @saved_cs_client */;

--
-- Dumping data for table `menu`
--

LOCK TABLES `menu` WRITE;
/*!40000 ALTER TABLE `menu` DISABLE KEYS */;
INSERT INTO `menu` VALUES (1,'Fried Fish',9.26),(2,'Shrimp ',10.19),(3,'Beyond Meat Veggie Burger',7.50),(4,'Loaded Baked Potato',7.20),(5,'Baked Potato',5.89),(6,'Chicken Wings',8.59),(7,'Shrimp Poboy',7.30),(8,'Fish Sandwich',6.29),(9,'Onion Rings',2.77),(10,'French Fries',2.29),(11,'Otis Spunkmeyer Cookies',1.79),(12,'32. Oz. Fountain Drink',1.99);
/*!40000 ALTER TABLE `menu` ENABLE KEYS */;
UNLOCK TABLES;

--
-- Table structure for table `orders`
--

DROP TABLE IF EXISTS `orders`;
/*!40101 SET @saved_cs_client     = @@character_set_client */;
/*!50503 SET character_set_client = utf8mb4 */;
CREATE TABLE `orders` (
  `idOrder` int NOT NULL AUTO_INCREMENT,
  `idLocation` int NOT NULL,
  `time` timestamp NOT NULL DEFAULT CURRENT_TIMESTAMP,
  `idUser` int NOT NULL,
  `total` decimal(5,2) NOT NULL,
  PRIMARY KEY (`idOrder`),
  UNIQUE KEY `order_id_UNIQUE` (`idOrder`),
  KEY `idLocation` (`idLocation`),
  KEY `idUser` (`idUser`),
  CONSTRAINT `idLocation` FOREIGN KEY (`idLocation`) REFERENCES `location` (`idlocation`),
  CONSTRAINT `idUser` FOREIGN KEY (`idUser`) REFERENCES `users` (`idUser`)
) ENGINE=InnoDB AUTO_INCREMENT=523 DEFAULT CHARSET=utf8mb4 COLLATE=utf8mb4_0900_ai_ci;
/*!40101 SET character_set_client = @saved_cs_client */;

--
-- Dumping data for table `orders`
--

LOCK TABLES `orders` WRITE;
/*!40000 ALTER TABLE `orders` DISABLE KEYS */;
INSERT INTO `orders` VALUES (1,1,'2020-08-15 22:37:21',5,13.37),(2,3,'2020-09-18 14:09:38',5,15.00),(3,3,'2020-02-03 21:52:53',29,41.44),(4,1,'2020-11-20 01:22:53',22,38.28),(5,3,'2020-11-19 16:52:53',4,54.17),(6,3,'2020-06-19 20:52:53',35,57.31),(7,3,'2020-11-19 17:32:53',22,73.63),(8,1,'2020-11-19 21:52:53',21,20.45),(9,1,'2020-11-19 23:52:53',50,57.08),(10,3,'2020-10-19 20:52:53',31,94.71),(11,2,'2020-11-20 01:52:53',37,69.42),(12,3,'2020-11-19 21:52:53',22,42.44),(13,1,'2020-11-19 21:52:53',9,50.46),(14,1,'2020-11-19 21:52:53',2,81.25),(15,2,'2020-11-19 21:52:53',31,66.58),(16,2,'2020-11-19 21:52:53',4,88.15),(17,2,'2020-11-19 21:52:53',28,4.57),(18,1,'2020-11-19 21:52:53',19,8.97),(19,2,'2020-11-19 21:52:53',22,33.29),(20,2,'2020-11-19 21:52:53',1002,90.54),(511,1,'2020-11-23 22:10:10',1002,7.30),(512,2,'2020-11-23 22:16:14',1,11.78),(513,3,'2020-11-23 22:22:52',1004,1.99),(514,2,'2020-11-23 22:26:15',1004,13.57),(515,2,'2020-11-23 22:49:00',1,13.54),(516,2,'2020-11-23 22:57:57',1005,22.06),(517,1,'2020-11-23 23:17:16',1004,11.78),(518,1,'2020-11-23 23:19:24',1004,1.99),(519,1,'2020-11-24 00:37:16',1004,18.78),(520,2,'2020-11-24 01:17:35',1004,9.49),(521,2,'2020-11-24 04:18:45',1004,12.18),(522,2,'2020-11-24 20:13:12',1004,8.59);
/*!40000 ALTER TABLE `orders` ENABLE KEYS */;
UNLOCK TABLES;

--
-- Table structure for table `schedule`
--

DROP TABLE IF EXISTS `schedule`;
/*!40101 SET @saved_cs_client     = @@character_set_client */;
/*!50503 SET character_set_client = utf8mb4 */;
CREATE TABLE `schedule` (
  `idschedule` int NOT NULL,
  `date` date NOT NULL,
  `idShift` int NOT NULL,
  `idEmployee` int NOT NULL,
  `idLocation` int NOT NULL,
  PRIMARY KEY (`idschedule`),
  KEY `idShift_idx` (`idShift`),
  KEY `idEmployee` (`idEmployee`),
  KEY `idLocation_idx` (`idLocation`),
  KEY `idLocation_idx_schedule` (`idLocation`),
  KEY `idLocation_schedule` (`idLocation`),
  CONSTRAINT `idEmployee` FOREIGN KEY (`idEmployee`) REFERENCES `employee` (`idemployee`),
  CONSTRAINT `idLocation_schedule` FOREIGN KEY (`idLocation`) REFERENCES `location` (`idlocation`),
  CONSTRAINT `idShift` FOREIGN KEY (`idShift`) REFERENCES `shifts` (`idShift`)
) ENGINE=InnoDB DEFAULT CHARSET=utf8mb4 COLLATE=utf8mb4_0900_ai_ci;
/*!40101 SET character_set_client = @saved_cs_client */;

--
-- Dumping data for table `schedule`
--

LOCK TABLES `schedule` WRITE;
/*!40000 ALTER TABLE `schedule` DISABLE KEYS */;
INSERT INTO `schedule` VALUES (1,'2021-01-20',4,31,2),(2,'2021-01-18',3,48,3),(3,'2020-12-06',3,32,2),(4,'2020-12-25',2,41,2),(5,'2021-01-12',3,13,2),(6,'2020-11-28',2,2,2),(7,'2021-01-17',4,6,2),(8,'2020-12-26',1,47,2),(9,'2020-12-03',4,9,2),(10,'2021-01-11',4,47,2),(11,'2020-12-25',1,35,2),(12,'2020-11-29',1,24,2),(13,'2020-11-25',1,28,1),(14,'2020-12-28',3,31,3),(15,'2020-12-01',4,10,2),(16,'2020-12-11',2,28,2),(17,'2020-11-22',1,15,1),(18,'2021-01-18',3,40,1),(19,'2020-12-26',4,4,3),(20,'2020-12-12',1,45,3),(21,'2020-10-28',3,25,2),(22,'2020-12-22',1,7,2),(23,'2021-01-02',3,8,3),(24,'2020-12-11',4,13,2),(25,'2021-01-14',1,39,2),(26,'2020-01-21',1,13,1),(27,'2021-01-09',4,34,1),(28,'2020-12-17',3,45,1),(29,'2021-01-04',2,40,2),(30,'2020-12-08',4,3,3),(31,'2020-12-21',1,17,3),(32,'2020-11-24',2,18,1),(33,'2020-11-30',3,27,2),(34,'2020-12-23',2,17,2),(35,'2021-01-08',2,31,3),(36,'2020-12-15',4,36,2),(37,'2021-01-08',3,37,2),(38,'2020-12-11',2,33,3),(39,'2021-01-07',2,2,2),(40,'2021-01-14',1,18,1),(41,'2021-01-14',1,44,1),(42,'2020-12-08',1,17,2),(43,'2020-12-14',4,25,1),(44,'2021-01-17',1,16,1),(45,'2020-11-21',1,46,3),(46,'2020-12-27',2,8,3),(47,'2020-11-24',2,2,2),(48,'2020-12-08',3,3,3),(49,'2020-12-19',4,18,2),(50,'2020-11-21',1,8,3),(51,'2020-12-18',2,17,3),(52,'2020-12-12',3,35,3),(53,'2020-12-08',1,20,2),(54,'2020-12-31',2,36,3),(55,'2020-11-22',4,16,2),(56,'2020-11-21',4,17,3),(57,'2021-01-19',4,16,1),(58,'2020-12-25',3,32,3),(59,'2020-11-21',2,5,1),(60,'2020-12-26',1,47,1),(61,'2020-12-06',2,30,3),(62,'2020-12-19',1,25,2),(63,'2021-01-05',3,45,1),(64,'2020-12-21',3,41,3),(65,'2020-11-24',1,28,2),(66,'2021-01-14',1,21,2),(67,'2020-12-29',1,33,1),(68,'2020-12-04',4,41,1),(69,'2020-12-29',4,41,3),(70,'2020-12-27',4,5,2),(71,'2020-11-14',2,33,3),(72,'2020-12-11',3,25,3),(73,'2020-11-26',3,16,1),(74,'2020-12-15',4,32,3),(75,'2021-01-14',3,40,2),(76,'2020-12-29',1,44,3),(77,'2020-12-22',2,4,2),(78,'2021-01-01',4,46,1),(79,'2021-01-10',3,5,2),(80,'2020-12-02',2,17,2),(81,'2021-01-10',1,33,2),(82,'2021-01-11',1,6,2),(83,'2020-12-10',1,18,1),(84,'2020-12-28',2,33,2),(85,'2020-11-21',2,25,3),(86,'2020-12-05',1,14,1),(87,'2021-01-14',3,10,1),(88,'2020-12-19',2,34,1),(89,'2021-01-12',2,38,1),(90,'2020-12-10',2,36,3),(91,'2020-12-05',3,3,2),(92,'2021-11-30',3,35,2),(93,'2020-12-24',2,37,3),(94,'2020-12-20',2,32,1),(95,'2020-11-25',4,4,1),(96,'2020-12-12',3,44,1),(97,'2021-01-25',3,2,2),(98,'2020-12-03',2,38,2),(99,'2021-01-09',4,19,3),(100,'2020-12-16',3,11,1),(101,'2020-12-30',1,42,3),(102,'2020-12-08',1,12,1),(103,'2021-01-20',1,6,2),(104,'2020-12-17',4,23,2),(105,'2021-01-17',3,11,3),(106,'2021-01-08',1,35,2),(107,'2020-12-12',4,46,3),(108,'2020-11-27',2,5,1),(109,'2020-12-11',1,34,1),(110,'2020-12-03',1,3,3),(111,'2021-01-14',1,10,1),(112,'2020-12-12',4,42,1),(113,'2020-12-02',2,31,1),(114,'2020-12-05',3,33,1),(115,'2020-11-12',2,5,2),(116,'2020-12-30',4,3,1),(117,'2020-12-24',2,29,1),(118,'2021-01-20',2,34,3),(119,'2020-12-18',3,27,2),(120,'2021-01-27',4,21,2),(121,'2020-12-15',3,44,1),(122,'2020-12-09',4,17,2),(123,'2020-12-31',1,35,3),(124,'2021-01-01',1,32,1),(125,'2020-12-25',1,11,3),(126,'2020-01-30',2,43,3),(127,'2020-11-22',2,9,1),(128,'2021-01-11',3,39,1),(129,'2021-01-09',3,14,3),(130,'2021-01-13',1,16,2),(131,'2021-01-15',2,33,2),(132,'2020-12-29',3,49,2),(133,'2020-12-07',1,18,2),(134,'2020-12-01',4,41,3),(135,'2020-12-17',4,13,3),(136,'2020-12-31',2,45,1),(137,'2020-11-26',4,13,3),(138,'2020-12-03',4,33,2),(139,'2020-12-18',3,48,1),(140,'2020-12-01',1,43,1),(141,'2021-01-13',4,22,1),(142,'2020-12-23',2,20,2),(143,'2020-11-21',2,11,3),(144,'2020-12-09',4,11,3),(145,'2020-11-22',4,10,1),(146,'2021-01-02',2,40,2),(147,'2020-12-25',4,40,3),(148,'2020-12-29',1,48,1),(149,'2021-01-07',3,7,3),(150,'2021-01-02',1,4,2),(151,'2021-01-10',3,26,2),(152,'2020-12-21',1,30,2),(153,'2020-09-29',1,47,1),(154,'2021-01-01',1,27,1),(155,'2020-12-20',1,32,3),(156,'2020-12-16',1,26,1),(157,'2020-12-30',2,30,1),(158,'2020-12-21',3,33,1),(159,'2020-12-11',1,26,2),(160,'2020-12-23',2,10,2),(161,'2020-12-28',2,14,3),(162,'2020-12-21',2,11,2),(163,'2020-12-15',3,33,1),(164,'2020-12-20',1,1,1),(165,'2020-12-13',1,23,2),(166,'2021-01-16',1,19,3),(167,'2021-01-12',3,13,3),(168,'2020-11-22',4,4,3),(169,'2021-01-02',3,11,2),(170,'2020-12-11',3,47,2),(171,'2021-01-19',4,5,3),(172,'2020-12-20',4,18,3),(173,'2021-01-13',2,2,1),(174,'2021-01-08',3,26,3),(175,'2021-01-16',2,43,2),(176,'2020-12-25',2,5,1),(177,'2020-12-28',4,38,3),(178,'2020-12-12',3,9,1),(179,'2020-12-12',1,32,3),(180,'2020-12-26',3,25,2),(181,'2021-01-18',4,37,1),(182,'2020-12-20',3,10,3),(183,'2020-12-06',4,16,2),(184,'2021-01-15',3,22,2),(185,'2020-12-02',3,8,3),(186,'2020-11-22',1,37,3),(187,'2020-12-13',3,43,2),(188,'2020-12-25',2,9,2),(189,'2020-12-27',1,47,2),(190,'2020-12-27',3,26,3),(191,'2021-01-18',2,35,2),(192,'2020-11-25',3,20,1),(193,'2021-01-13',1,47,1),(194,'2021-01-19',1,42,2),(195,'2020-12-16',1,37,1),(196,'2020-11-21',1,33,3),(197,'2021-01-11',1,45,1),(198,'2020-12-02',1,34,2),(199,'2020-12-19',3,38,1),(200,'2021-01-17',3,28,1),(201,'2021-01-15',1,10,1),(202,'2021-11-30',1,18,1),(203,'2021-11-28',1,41,2),(204,'2021-11-29',4,33,3),(205,'2020-12-18',2,40,3),(206,'2020-12-12',2,1,2),(207,'2020-12-02',4,39,2),(208,'2021-01-10',4,36,3),(209,'2021-11-29',2,3,2),(210,'2020-12-07',2,4,3),(211,'2020-12-27',4,27,1),(212,'2020-12-26',2,23,3),(213,'2020-12-31',1,13,2),(214,'2020-12-12',2,27,3),(215,'2020-12-25',3,49,2),(216,'2021-01-12',4,18,3),(217,'2020-12-17',4,45,3),(218,'2020-12-24',3,39,1),(219,'2020-12-03',3,45,3),(220,'2021-01-10',1,38,2),(221,'2020-11-20',3,17,1),(222,'2021-01-03',2,7,3),(223,'2020-12-26',3,34,3),(224,'2020-11-07',3,22,2),(225,'2021-01-14',1,40,1),(226,'2020-12-11',2,3,1),(227,'2021-01-01',1,28,2),(228,'2021-01-02',2,22,1),(229,'2020-12-23',2,33,1),(230,'2020-12-23',4,41,2),(231,'2021-01-05',2,4,1),(232,'2021-01-16',3,8,3),(233,'2020-12-31',4,3,2),(234,'2021-01-19',3,34,3),(235,'2020-12-05',2,10,1),(236,'2020-11-23',3,27,2),(237,'2020-12-29',1,47,2),(238,'2021-01-03',1,37,1),(239,'2020-12-19',3,2,2),(240,'2021-01-16',2,3,1),(241,'2021-01-13',2,38,2),(242,'2020-12-30',2,27,3),(243,'2020-12-18',4,29,2),(244,'2020-12-10',4,34,1),(245,'2020-12-14',1,42,1),(246,'2020-12-24',3,39,1),(247,'2020-12-30',3,30,1),(248,'2021-01-15',3,5,3),(249,'2020-12-02',3,31,1),(250,'2020-12-01',3,14,2),(251,'2020-12-16',4,2,2),(252,'2020-12-11',2,17,3),(253,'2020-12-22',1,2,2),(254,'2020-12-13',2,37,2),(255,'2021-01-10',3,10,1),(256,'2021-01-05',1,41,2),(257,'2020-11-10',3,41,2),(258,'2020-12-16',1,19,3),(259,'2020-11-23',3,1,1),(260,'2020-12-18',2,37,2),(261,'2020-11-09',2,11,1),(262,'2020-12-19',2,15,3),(263,'2020-12-30',2,29,1),(264,'2021-01-06',4,15,3),(265,'2020-12-31',2,29,3),(266,'2020-12-23',4,11,3),(267,'2020-12-06',1,9,2),(268,'2020-12-30',3,38,3),(269,'2021-01-05',2,34,2),(270,'2020-12-05',2,6,1),(271,'2021-01-19',2,43,2),(272,'2020-12-13',2,42,2),(273,'2020-12-18',4,5,1),(274,'2020-12-25',1,1,3),(275,'2021-01-13',3,9,2),(276,'2020-11-26',4,29,3),(277,'2021-01-17',2,15,3),(278,'2021-01-05',2,29,2),(279,'2020-12-14',1,14,2),(280,'2021-01-17',3,39,1),(281,'2021-01-12',4,25,3),(282,'2020-12-26',3,8,2),(283,'2020-12-20',4,28,1),(284,'2021-01-11',1,28,2),(285,'2020-11-21',4,24,3),(286,'2020-12-30',2,6,2),(287,'2021-01-19',1,47,2),(288,'2020-12-23',4,4,2),(289,'2021-01-19',1,27,1),(290,'2020-12-17',3,33,2),(291,'2020-12-29',1,25,2),(292,'2020-12-12',4,1,3),(293,'2020-12-07',3,2,3),(294,'2020-12-05',3,7,2),(295,'2020-12-11',2,18,3),(296,'2020-01-21',3,32,1),(297,'2020-12-19',3,15,2),(298,'2021-01-13',3,7,2),(299,'2020-01-28',1,32,2),(300,'2020-12-12',4,36,3),(301,'2020-12-09',3,22,3),(302,'2020-12-20',4,18,3),(303,'2021-01-17',3,34,2),(304,'2020-12-17',1,35,3),(305,'2021-01-17',2,6,1),(306,'2021-01-17',2,5,2),(307,'2021-01-09',2,26,1),(308,'2020-12-02',1,19,2),(309,'2020-12-25',2,48,2),(310,'2021-01-17',1,33,1),(311,'2020-12-14',2,2,2),(312,'2020-12-21',2,9,3),(313,'2021-01-09',2,21,2),(314,'2020-12-24',1,13,2),(315,'2020-11-22',4,43,2),(316,'2020-12-02',1,47,1),(317,'2021-01-05',1,32,2),(318,'2021-01-10',1,16,1),(319,'2020-12-17',3,47,2),(320,'2020-12-19',4,22,1),(321,'2020-12-29',1,20,3),(322,'2020-12-14',3,28,3),(323,'2021-01-10',1,27,2),(324,'2020-11-27',1,30,1),(325,'2021-01-18',4,46,2),(326,'2021-01-20',2,40,2),(327,'2020-12-12',4,12,1),(328,'2020-11-17',4,46,1),(329,'2020-12-11',3,10,2),(330,'2020-12-01',4,43,2),(331,'2020-12-27',2,11,1),(332,'2021-01-13',4,33,2),(333,'2021-01-12',4,20,3),(334,'2020-12-07',4,7,3),(335,'2020-12-01',3,30,3),(336,'2020-12-06',2,8,3),(337,'2021-01-20',1,22,1),(338,'2021-01-11',3,26,2),(339,'2020-12-04',3,25,3),(340,'2020-12-09',3,1,2),(341,'2020-12-14',3,21,1),(342,'2020-12-02',4,40,3),(343,'2020-12-10',2,33,3),(344,'2020-12-23',2,34,1),(345,'2021-01-06',1,48,2),(346,'2020-12-28',3,43,2),(347,'2021-01-02',2,11,3),(348,'2021-01-05',1,8,3),(349,'2020-12-09',2,14,1),(350,'2021-01-19',3,15,1),(351,'2020-11-05',3,12,3),(352,'2020-11-22',3,46,3),(353,'2021-01-14',3,13,2),(354,'2021-01-20',2,9,3),(355,'2021-01-06',3,26,1),(356,'2021-01-17',3,36,1),(357,'2020-12-04',2,37,1),(358,'2020-12-30',2,29,3),(359,'2021-01-14',1,8,1),(360,'2021-01-13',2,25,3),(361,'2020-12-23',4,29,1),(362,'2020-11-21',4,19,2),(363,'2021-01-01',2,23,2),(364,'2020-12-26',3,21,1),(365,'2021-01-03',2,39,1),(366,'2021-01-14',4,19,2),(367,'2021-01-15',3,22,2),(368,'2021-01-16',2,8,1),(369,'2020-12-07',3,1,3),(370,'2021-01-20',1,18,1),(371,'2020-11-21',3,36,2),(372,'2021-01-19',2,10,2),(373,'2020-11-22',2,12,3),(374,'2020-12-17',1,40,2),(375,'2020-12-22',3,37,2),(376,'2020-11-06',4,36,2),(377,'2020-12-16',4,11,3),(378,'2020-11-24',2,16,2),(379,'2020-12-24',2,14,3),(380,'2020-11-25',4,30,3),(381,'2020-12-16',2,27,2),(382,'2021-01-10',4,4,2),(383,'2020-12-05',1,26,3),(384,'2021-01-02',3,26,1),(385,'2020-12-08',3,23,2),(386,'2021-01-09',4,22,1),(387,'2020-12-14',3,19,3),(388,'2021-01-18',2,24,3),(389,'2020-12-21',2,16,1),(390,'2020-12-25',1,49,3),(391,'2020-12-03',2,22,3),(392,'2021-01-10',4,40,3),(393,'2020-11-23',1,36,3),(394,'2021-01-09',3,41,2),(395,'2020-11-22',3,42,3),(396,'2020-12-10',1,49,2),(397,'2021-01-14',4,4,2),(398,'2020-11-21',4,16,3),(399,'2021-01-08',2,45,2),(400,'2021-01-15',2,15,3),(401,'2020-12-15',2,11,1),(402,'2020-11-23',1,11,3),(403,'2021-01-12',3,22,3),(404,'2020-12-07',1,46,1),(405,'2021-01-10',2,20,2),(406,'2020-12-31',4,38,3),(407,'2021-01-17',4,5,1),(408,'2021-11-28',1,34,2),(409,'2020-12-09',1,3,1),(410,'2020-12-21',4,21,1),(411,'2020-11-21',1,40,2),(412,'2020-12-15',3,16,3),(413,'2020-11-19',3,4,2),(414,'2021-01-15',4,8,1),(415,'2020-12-19',2,11,3),(416,'2021-01-13',4,13,1),(417,'2020-12-27',2,24,1),(418,'2021-01-07',1,6,1),(419,'2021-01-05',3,34,1),(420,'2020-12-27',4,35,1),(421,'2020-12-08',2,19,3),(422,'2020-12-27',3,34,1),(423,'2020-12-27',4,23,2),(424,'2021-01-03',2,45,2),(425,'2020-12-08',2,9,1),(426,'2020-12-16',2,1,1),(427,'2020-12-28',2,37,1),(428,'2021-01-08',2,31,1),(429,'2020-12-05',3,34,2),(430,'2021-01-09',2,47,1),(431,'2020-11-26',4,27,3),(432,'2021-11-28',1,16,3),(433,'2020-12-21',1,31,3),(434,'2020-11-23',3,25,2),(435,'2021-11-25',3,8,1),(436,'2020-11-27',4,29,1),(437,'2021-01-01',1,35,1),(438,'2020-12-15',4,36,1),(439,'2021-01-10',1,45,3),(440,'2020-12-15',1,27,1),(441,'2020-12-18',3,47,2),(442,'2021-01-18',3,29,3),(443,'2021-01-12',1,23,2),(444,'2020-12-14',3,46,1),(445,'2020-12-08',1,41,3),(446,'2020-12-26',1,45,1),(447,'2021-01-16',2,35,3),(448,'2020-11-21',3,9,2),(449,'2020-12-07',4,18,1),(450,'2020-12-28',4,7,2),(451,'2020-12-03',3,8,1),(452,'2020-12-25',4,43,1),(453,'2021-01-19',3,37,3),(454,'2020-12-19',1,19,2),(455,'2021-01-13',1,38,1),(456,'2020-11-24',2,5,2),(457,'2021-01-12',4,25,3),(458,'2020-12-05',4,19,2),(459,'2021-01-11',1,34,2),(460,'2020-12-17',1,22,1),(461,'2020-12-24',3,9,3),(462,'2020-12-05',4,9,3),(463,'2020-12-03',2,38,3),(464,'2021-01-08',1,17,3),(465,'2020-11-24',2,29,3),(466,'2021-01-20',3,26,2),(467,'2020-12-20',3,46,2),(468,'2020-12-10',1,23,3),(469,'2021-01-11',1,26,3),(470,'2020-12-22',3,17,3),(471,'2020-12-05',3,45,3),(472,'2021-01-10',3,41,1),(473,'2021-01-11',4,6,1),(474,'2020-12-04',4,1,2),(475,'2020-12-12',4,32,1),(476,'2020-12-14',1,13,3),(477,'2020-12-16',1,3,1),(478,'2021-01-08',4,6,3),(479,'2021-01-08',4,16,3),(480,'2020-12-01',4,24,2),(481,'2020-12-31',2,41,2),(482,'2021-01-16',4,38,2),(483,'2020-12-27',3,45,2),(484,'2020-12-04',1,8,2),(485,'2020-12-29',1,45,1),(486,'2021-01-01',1,24,1),(487,'2020-12-09',3,9,1),(488,'2020-11-26',3,21,1),(489,'2021-01-05',4,2,2),(490,'2021-01-19',4,4,1),(491,'2021-01-09',4,25,3),(492,'2020-12-07',2,37,3),(493,'2021-01-03',3,47,2),(494,'2021-01-12',3,18,1),(495,'2020-11-25',4,1,1),(496,'2020-12-20',1,27,2),(497,'2021-01-02',2,7,3),(498,'2021-01-19',1,31,2),(499,'2020-12-31',3,24,1),(500,'2020-12-14',4,5,2);
/*!40000 ALTER TABLE `schedule` ENABLE KEYS */;
UNLOCK TABLES;

--
-- Table structure for table `shifts`
--

DROP TABLE IF EXISTS `shifts`;
/*!40101 SET @saved_cs_client     = @@character_set_client */;
/*!50503 SET character_set_client = utf8mb4 */;
CREATE TABLE `shifts` (
  `idShift` int NOT NULL AUTO_INCREMENT,
  `shiftType` enum('breakfast','lunch','dinner','late') NOT NULL,
  `shiftStart` time NOT NULL,
  `shiftEnd` time NOT NULL,
  `shiftHours` int NOT NULL,
  PRIMARY KEY (`idShift`)
) ENGINE=InnoDB AUTO_INCREMENT=5 DEFAULT CHARSET=utf8mb4 COLLATE=utf8mb4_0900_ai_ci;
/*!40101 SET character_set_client = @saved_cs_client */;

--
-- Dumping data for table `shifts`
--

LOCK TABLES `shifts` WRITE;
/*!40000 ALTER TABLE `shifts` DISABLE KEYS */;
INSERT INTO `shifts` VALUES (1,'breakfast','08:00:00','13:00:00',5),(2,'lunch','12:00:00','17:00:00',5),(3,'dinner','16:00:00','21:00:00',5),(4,'late','20:00:00','24:00:00',4);
/*!40000 ALTER TABLE `shifts` ENABLE KEYS */;
UNLOCK TABLES;

--
-- Temporary view structure for view `twoweek_schedule`
--

DROP TABLE IF EXISTS `twoweek_schedule`;
/*!50001 DROP VIEW IF EXISTS `twoweek_schedule`*/;
SET @saved_cs_client     = @@character_set_client;
/*!50503 SET character_set_client = utf8mb4 */;
/*!50001 CREATE VIEW `twoweek_schedule` AS SELECT
 1 AS `idemployee`,
 1 AS `date`,
 1 AS `address`,
 1 AS `shiftType`*/;
SET character_set_client = @saved_cs_client;

--
-- Table structure for table `users`
--

DROP TABLE IF EXISTS `users`;
/*!40101 SET @saved_cs_client     = @@character_set_client */;
/*!50503 SET character_set_client = utf8mb4 */;
CREATE TABLE `users` (
  `idUser` int NOT NULL AUTO_INCREMENT,
  `firstName` varchar(45) NOT NULL,
  `lastName` varchar(45) NOT NULL,
  `fullName` varchar(45) GENERATED ALWAYS AS (concat(`firstName`,_utf8mb4' ',`lastName`)) VIRTUAL,
  `createdOn` timestamp NOT NULL DEFAULT CURRENT_TIMESTAMP,
  `username` varchar(45) NOT NULL,
  `password` varchar(45) NOT NULL,
  `phoneNumber` varchar(45) NOT NULL,
  PRIMARY KEY (`idUser`)
) ENGINE=InnoDB AUTO_INCREMENT=1007 DEFAULT CHARSET=utf8mb4 COLLATE=utf8mb4_0900_ai_ci;
/*!40101 SET character_set_client = @saved_cs_client */;

--
-- Dumping data for table `users`
--

LOCK TABLES `users` WRITE;
/*!40000 ALTER TABLE `users` DISABLE KEYS */;
INSERT INTO `users` (`idUser`, `firstName`, `lastName`, `createdOn`, `username`, `password`, `phoneNumber`) VALUES (1,'Sally','Murricanes','2020-11-16 19:19:23','smurricanes0','F9PatjnEs','5521472237'),(2,'Harper','Masser','2020-11-16 19:19:26','hmasser1','xCYVbKeuhX','2891381639'),(3,'Gladys','Sentinella','2020-11-16 19:19:27','gsentinella2','golPf0F89','2774364088'),(4,'Liliane','Girkins','2020-11-16 19:19:30','lgirkins3','w8yJGd4BmuA','8726017669'),(5,'Serge','Paty','2020-11-16 19:19:32','spaty4','zz1xgHJU5d','2778284206'),(6,'Reena','McFaul','2020-11-16 19:19:34','rmcfaul5','t8TAskAum','8056833536'),(7,'Colby','Halksworth','2020-11-16 19:19:36','chalksworth6','lQ6qXB2','1499004717'),(8,'Hanni','Moncrieffe','2020-11-16 19:19:38','hmoncrieffe7','5UdI99gNCX','4101735573'),(9,'Coletta','Dowker','2020-11-16 19:19:40','cdowker8','clHmdm','2699035246'),(10,'Fredra','Tennant','2020-11-16 19:19:42','ftennant9','gBYfN6pRqjY','8075524262'),(11,'Tulley','Giacoppo','2020-11-16 19:19:44','tgiacoppoa','KGikyGV4G6m','8997212628'),(12,'Kai','Aleshintsev','2020-11-16 19:19:46','kaleshintsevb','ny5lllCUck0','8783313426'),(13,'Tersina','Herley','2020-11-16 19:19:48','therleyc','uQ5bm6Rj','9911736289'),(14,'Saxon','Trinke','2020-11-16 19:19:50','strinked','YYJd5Jx68O','8065435022'),(15,'Kanya','Corradetti','2020-11-16 19:19:52','kcorradettie','52N5tfLk','2470555811'),(16,'Cher','Sendall','2020-11-16 19:19:54','csendallf','e1CijRJowwAL','9705400859'),(17,'Hanny','Maddick','2020-11-16 19:19:56','hmaddickg','iub4I7','3128671839'),(18,'Nils','Fulle','2020-11-16 19:19:58','nfulleh','onjmLLpcL0','1484227912'),(19,'Cos','Diboll','2020-11-16 19:20:00','cdibolli','MPq7Z4oAhHwD','5180609882'),(20,'Jewelle','Canfer','2020-11-16 19:20:02','jcanferj','Bd5tvPr','9995673623'),(21,'Wash','Chestney','2020-11-16 19:20:04','wchestneyk','InF0MV27zi','4436735246'),(22,'Walsh','Houseley','2020-11-16 19:20:06','whouseleyl','VzHSq8n','4704987478'),(23,'Sorcha','Jarry','2020-11-16 19:20:08','sjarrym','3iqUWRqr','5904311290'),(24,'Neilla','Van der Hoven','2020-11-16 19:20:10','nvanderhovenn','76KeMNJ','4849271009'),(25,'Nevile','O\'Bruen','2020-11-16 19:20:12','nobrueno','KmRicx','2936839879'),(26,'Oralee','Longbothom','2020-11-16 19:20:14','olongbothomp','H0RoB9q5SCEb','8747914552'),(27,'Leonard','Meeland','2020-11-16 19:20:16','lmeelandq','P40AWhkHZ','8642667938'),(28,'Faye','Sussans','2020-11-16 19:20:18','fsussansr','N28QmAay','9133550741'),(29,'Tawnya','Zanicchi','2020-11-16 19:20:20','tzanicchis','sbEMkDnv','8631448736'),(30,'Mikaela','Vlasin','2020-11-16 19:20:22','mvlasint','xmMAo7RR','6700232754'),(31,'Doralyn','Croasdale','2020-11-16 19:20:24','dcroasdaleu','6gDBXHrqXEhc','3623762813'),(32,'Knox','Poston','2020-11-16 19:20:26','kpostonv','XCbwkTEJij','8034856197'),(33,'Heather','Nott','2020-11-16 19:20:29','hnottw','ovvxLlRiQANh','3400059789'),(34,'Binnie','Govini','2020-11-16 19:20:31','bgovinix','arEjQTRaL','2747636478'),(35,'Aymer','Niemiec','2020-11-16 19:20:32','aniemiecy','r5CWEjn3eCM','1934276907'),(36,'Karil','Ilden','2020-11-16 19:20:35','kildenz','bgtw3Nh','5454603899'),(37,'Vasily','Yakubovics','2020-11-16 19:20:37','vyakubovics10','3qr6QIRBA','7409316936'),(38,'Philis','Brundill','2020-11-16 19:20:38','pbrundill11','ddyflkz','6040447846'),(39,'Silvan','Copyn','2020-11-16 19:20:41','scopyn12','6pJ9oB','4513582314'),(40,'Hillyer','Aitkenhead','2020-11-16 19:20:43','haitkenhead13','pa2ko7O','9693406430'),(41,'Yettie','Paintain','2020-11-16 19:20:45','ypaintain14','tIKuq6Nyv','4017266751'),(42,'Lyell','Forrestor','2020-11-16 19:20:47','lforrestor15','uCqX8k1PbCz','3297248832'),(43,'Kat','Kaminski','2020-11-16 19:20:49','kkaminski16','R26HXiJ','2300672491'),(44,'Karlis','Happel','2020-11-16 19:20:51','khappel17','YqObXvZhG','9109774520'),(45,'Lainey','Dibdall','2020-11-16 19:20:53','ldibdall18','eBbOE3','8651911675'),(46,'Tabitha','Padden','2020-11-16 19:20:55','tpadden19','3BTiVPFbyCy4','6222422332'),(47,'Pauly','Baversor','2020-11-16 19:20:57','pbaversor1a','h4R3OGOuB','4611817986'),(48,'Winifred','Nancarrow','2020-11-16 19:20:59','wnancarrow1b','BZRCgWrv','3029784312'),(49,'Dominique','Cockney','2020-11-16 19:21:01','dcockney1c','bl3T3Yz','8188278525'),(50,'Dick','Langmuir','2020-11-16 19:21:03','dlangmuir1d','9EQxb9Tj6w7','9615882551'),(51,'Arnaldo','Vassbender','2020-11-16 19:21:05','avassbender1e','p2g0iC','5171405625'),(52,'Arleyne','Buckby','2020-11-16 19:21:07','abuckby1f','6ujqAQ','4917802693'),(53,'Tiffanie','Bonsall','2020-11-16 19:21:09','tbonsall1g','VAjPxi','4926642489'),(54,'Laurie','Allston','2020-11-16 19:21:11','lallston1h','6qH69pfs','8405879558'),(55,'Toby','Luc','2020-11-16 19:21:13','tluc1i','1HPJ2oP','6965404228'),(56,'Jaquelyn','Husthwaite','2020-11-16 19:21:15','jhusthwaite1j','PpmedM','7205753952'),(57,'Collette','Hewkin','2020-11-16 19:21:17','chewkin1k','pgSCi4f','8353031935'),(58,'Borden','Davenall','2020-11-16 19:21:19','bdavenall1l','aBNGHlBO','9419258218'),(59,'Aylmar','Sandal','2020-11-16 19:21:21','asandal1m','agIQZcrxMpoa','9325687758'),(60,'Wilbur','Allott','2020-11-16 19:21:23','wallott1n','VZrgf62yxn','5296309406'),(61,'Nance','Briamo','2020-11-16 19:21:25','nbriamo1o','ZzX7pP','9090652038'),(62,'Simonette','Pleass','2020-11-16 19:21:27','spleass1p','5jeqFfjlL2','9457749647'),(63,'Renaldo','Shone','2020-11-16 19:21:29','rshone1q','KOR0IJ','3798076115'),(64,'Agnella','Corbishley','2020-11-16 19:21:31','acorbishley1r','MhgkxgVf','5097073074'),(65,'Thomasina','Hairs','2020-11-16 19:21:33','thairs1s','bFHkNwkRAeH','4799057497'),(66,'Debee','Connold','2020-11-16 19:21:35','dconnold1t','P7f3gvUF4vj','5644596962'),(67,'Elsworth','Durrance','2020-11-16 19:21:37','edurrance1u','E0bBNK','2690425041'),(68,'Joyann','Iacoboni','2020-11-16 19:21:39','jiacoboni1v','2gZ2AoF','3376505348'),(69,'Weylin','Wykes','2020-11-16 19:21:41','wwykes1w','KMoHjh5S','1927600249'),(70,'Bat','Gazzard','2020-11-16 19:21:43','bgazzard1x','JT3jZ7Huy','3358769939'),(71,'Sayers','Leonardi','2020-11-16 19:21:45','sleonardi1y','I9LGwK8kUr','7833273581'),(72,'Petunia','Nibloe','2020-11-16 19:21:47','pnibloe1z','LF2Bjlpoj','9404211303'),(73,'Wynn','Ribeiro','2020-11-16 19:21:49','wribeiro20','gJjEW153rn2','2606432014'),(74,'Duane','Mattin','2020-11-16 19:21:51','dmattin21','ohZy7gYpq','8475643335'),(75,'Kristel','Withey','2020-11-16 19:21:53','kwithey22','g06a1lh','7880287804'),(76,'Lise','Hollerin','2020-11-16 19:21:55','lhollerin23','OcHgRt','6143326096'),(77,'Emmalynne','Clamo','2020-11-16 19:21:57','eclamo24','m6Gc1QBWA0','6366871194'),(78,'Kerk','Waldron','2020-11-16 19:21:59','kwaldron25','H2qo8nS8pN','7213693712'),(79,'Lilly','Verrier','2020-11-16 19:22:01','lverrier26','GaYXNPIq12e','6480246873'),(80,'Kaiser','Norewood','2020-11-16 19:22:03','knorewood27','vRlQs0xkgY','5741400304'),(81,'Jemmie','Ollivier','2020-11-16 19:22:05','jollivier28','BNZaoZ','1704620903'),(82,'Lidia','Roberti','2020-11-16 19:22:07','lroberti29','LwQYFOuBrBhu','8575191314'),(83,'Nollie','Barrable','2020-11-16 19:22:09','nbarrable2a','7SSiWPN','2511230417'),(84,'Stearn','Hayes','2020-11-16 19:22:11','shayes2b','pUrU6gLo4n','7572192434'),(85,'Angy','Life','2020-11-16 19:22:13','alife2c','S8NgS7n6jCM','4238751777'),(86,'Turner','Dover','2020-11-16 19:22:15','tdover2d','8PjBdfp','7150550260'),(87,'Heriberto','Petrushka','2020-11-16 19:22:17','hpetrushka2e','Ah1DNUxTN','3989431395'),(88,'Dan','Assad','2020-11-16 19:22:19','dassad2f','7SScObO6asU','9331599312'),(89,'Pearline','Goodbairn','2020-11-16 19:22:21','pgoodbairn2g','usBwLs5s','5828430595'),(90,'Wynnie','Heintsch','2020-11-16 19:22:24','wheintsch2h','Tt0lQSvDS','4931904503'),(91,'Farrand','Lowmass','2020-11-16 19:22:26','flowmass2i','ynLnpu','7234101300'),(92,'Raff','Kenion','2020-11-16 19:22:28','rkenion2j','GtYtXUR','3378691132'),(93,'Shannon','Argabrite','2020-11-16 19:22:30','sargabrite2k','Zew4uRb','4812370197'),(94,'Giovanni','Hirtzmann','2020-11-16 19:22:32','ghirtzmann2l','E00TbgUYGm','6218106364'),(95,'Patrick','Tyrone','2020-11-16 19:22:34','ptyrone2m','djzV01KPbC','4401283869'),(96,'Wain','Utterson','2020-11-16 19:22:36','wutterson2n','iKmoOVoBONF','2973485598'),(97,'Virge','Vauter','2020-11-16 19:22:38','vvauter2o','9eWF5LeVBcNl','8207915543'),(98,'Neile','Jouhning','2020-11-16 19:22:40','njouhning2p','0Gnb1GMsAs4','5548417371'),(99,'Damara','Eburah','2020-11-16 19:22:42','deburah2q','nbWea2Xh','1367050832'),(100,'Casandra','Hughill','2020-11-16 19:22:44','chughill2r','iBzrdVT','7585955640'),(101,'Bobby','Snary','2020-11-16 19:22:46','bsnary2s','tF0y0vdX','2717853512'),(102,'Serene','Phlippi','2020-11-16 19:22:48','sphlippi2t','TO0hHq0j','9189517019'),(103,'Kissie','Tuhy','2020-11-16 19:22:50','ktuhy2u','RQiiab0X','2425341210'),(104,'Drona','Dougher','2020-11-16 19:22:52','ddougher2v','oe82wsXyFAe','8304012941'),(105,'Gloriana','Klemke','2020-11-16 19:22:54','gklemke2w','4r9y50e','8728799583'),(106,'Jenine','Sherry','2020-11-16 19:22:56','jsherry2x','Nfw1V595','1188564061'),(107,'Herby','Stidever','2020-11-16 19:22:58','hstidever2y','bJuft7Rk1f','7200291277'),(108,'Loren','Davydoch','2020-11-16 19:23:00','ldavydoch2z','H5Ejfo','5368021559'),(109,'Franz','Livezey','2020-11-16 19:23:02','flivezey30','4c72SEnA5f','6143502567'),(110,'Carleton','Life','2020-11-16 19:23:04','clife31','2Vmx9jruLPmv','5459247138'),(111,'Denyse','Thys','2020-11-16 19:23:06','dthys32','djvCV9pJVN','6312862147'),(112,'Clerkclaude','Hebburn','2020-11-16 19:23:08','chebburn33','HxqKbRDR','8816428687'),(113,'Merrill','Rubinfeld','2020-11-16 19:23:10','mrubinfeld34','og6eZc1','5334841582'),(114,'Daniel','Beardsworth','2020-11-16 19:23:12','dbeardsworth35','jdBbjjoJx','7724553413'),(115,'Cazzie','Hankey','2020-11-16 19:23:14','chankey36','P4K2Ex9rHSMP','5324921329'),(116,'Alice','Burnet','2020-11-16 19:23:16','aburnet37','iMsLrExKnQAj','8479928467'),(117,'Constancy','Boyland','2020-11-16 19:23:18','cboyland38','LQUuFGj','4696393543'),(118,'Cassie','Moresby','2020-11-16 19:23:20','cmoresby39','EE85kB','6039785029'),(119,'Arline','Bartholomaus','2020-11-16 19:23:22','abartholomaus3a','1StuIiWlp','4537288818'),(120,'Michaella','Ikringill','2020-11-16 19:23:24','mikringill3b','EKjDpo','3938354729'),(121,'Riordan','Duffield','2020-11-16 19:23:26','rduffield3c','1qYmC2tg','2793229565'),(122,'Jazmin','Vynoll','2020-11-16 19:23:28','jvynoll3d','8WQnnDmJad','7904350374'),(123,'Fidelio','Rosenblath','2020-11-16 19:23:30','frosenblath3e','A7r4cAC','8496690454'),(124,'Izaak','Bradshaw','2020-11-16 19:23:32','ibradshaw3f','Jyg8JJ','7652290248'),(125,'Marieann','Sainer','2020-11-16 19:23:34','msainer3g','hO06eVwmCLOb','7499629468'),(126,'Sibley','Rosa','2020-11-16 19:23:36','srosa3h','p9ozgCEYXNS','1156851468'),(127,'Darla','Thornewell','2020-11-16 19:23:38','dthornewell3i','omaPQR11h','7552026518'),(128,'Cristian','Markussen','2020-11-16 19:23:40','cmarkussen3j','1hq02GC45nfp','6064567682'),(129,'Sergio','Benedtti','2020-11-16 19:23:43','sbenedtti3k','nhZGzi','2005556080'),(130,'Othilie','Gladyer','2020-11-16 19:23:45','ogladyer3l','TlynGSpxflq','2684985240'),(131,'Lilli','Plummer','2020-11-16 19:23:46','lplummer3m','EFRPoDH7j4R','7978961077'),(132,'Rodge','Gallemore','2020-11-16 19:23:49','rgallemore3n','5xMGWE9lN','3375362766'),(133,'Jaquenetta','Jellman','2020-11-16 19:23:51','jjellman3o','ZIn6FaN','3761423094'),(134,'Adi','Boarleyson','2020-11-16 19:23:53','aboarleyson3p','AC1HOHSn7Qf','2161415472'),(135,'Violante','Osselton','2020-11-16 19:23:55','vosselton3q','2yuUsLE','6767059460'),(136,'Mirna','Stainsby','2020-11-16 19:23:57','mstainsby3r','uIUqeJm','8409452915'),(137,'Tildie','Stroband','2020-11-16 19:23:59','tstroband3s','Avn6zz9e','4060830003'),(138,'Collin','Diable','2020-11-16 19:24:01','cdiable3t','ayEwxL2','7717257121'),(139,'Bobbe','Tuttiett','2020-11-16 19:24:03','btuttiett3u','nMEoZ4','2495879007'),(140,'Thorpe','Scorthorne','2020-11-16 19:24:05','tscorthorne3v','w5Yxte','2809849427'),(141,'Bethina','Elleyne','2020-11-16 19:24:07','belleyne3w','3bexwUt','2426172334'),(142,'Robena','Reubel','2020-11-16 19:24:09','rreubel3x','ibP1dVvShhVx','8587316330'),(143,'Jeddy','Clousley','2020-11-16 19:24:11','jclousley3y','BHPxd0wEhk8','9731605704'),(144,'Lindsey','Pennycuick','2020-11-16 19:24:13','lpennycuick3z','IwsVeR','9174505114'),(145,'Gratia','Vaskin','2020-11-16 19:24:15','gvaskin40','81va3W1a','8310490149'),(146,'Rudolph','Anten','2020-11-16 19:24:17','ranten41','b8OF0EmFS','8903112114'),(147,'Ashia','Puckham','2020-11-16 19:24:19','apuckham42','3BoerYJb','3309768076'),(148,'Kerstin','Lavallie','2020-11-16 19:24:21','klavallie43','n9I4OcrZj0','1742818329'),(149,'Henryetta','Ferroli','2020-11-16 19:24:23','hferroli44','7RgvCx3i73I','7470677821'),(150,'Francisca','Powley','2020-11-16 19:24:25','fpowley45','gq2rp6Y1S','8444460702'),(151,'Brnaby','Abrashkov','2020-11-16 19:24:27','babrashkov46','ftTjSH','7233026268'),(152,'Gasper','MacMeeking','2020-11-16 19:24:29','gmacmeeking47','wXjZCC','4904211065'),(153,'Neils','Russel','2020-11-16 19:24:31','nrussel48','q5DZ2oH','7059164925'),(154,'Simone','Dudeney','2020-11-16 19:24:33','sdudeney49','QRSYP679mb','2275733698'),(155,'Rustie','Drysdall','2020-11-16 19:24:35','rdrysdall4a','VAv6YKrDw','7723846287'),(156,'Rodi','Selwyne','2020-11-16 19:24:37','rselwyne4b','hS8heAmbgD','9427041138'),(157,'Leeland','Pelman','2020-11-16 19:24:39','lpelman4c','OIEfIP','2864623468'),(158,'Benedict','Huriche','2020-11-16 19:24:41','bhuriche4d','nJ6Lxkl1B','7491671281'),(159,'Ali','Rajchert','2020-11-16 19:24:43','arajchert4e','VTpgHRF','4547349740'),(160,'Raddy','Bonafant','2020-11-16 19:24:45','rbonafant4f','yZi3FE7nAqQr','9625699506'),(161,'Marcel','Ziebart','2020-11-16 19:24:47','mziebart4g','YSAB35C','8369894913'),(162,'Dorrie','Ilyinski','2020-11-16 19:24:50','dilyinski4h','lQ9gMp','1683488793'),(163,'Morse','Rodenburg','2020-11-16 19:24:51','mrodenburg4i','dUCm2T8B7MW','8411575497'),(164,'Damian','Philippeaux','2020-11-16 19:24:54','dphilippeaux4j','6yQ8CaX6313','9708865192'),(165,'Albie','Meneghelli','2020-11-16 19:24:56','ameneghelli4k','rerm9XZ7UEVt','1460242770'),(166,'Konstanze','Baniard','2020-11-16 19:24:58','kbaniard4l','I2x6LG','8377766913'),(167,'Flor','Lukas','2020-11-16 19:25:00','flukas4m','XuAmAEg','8523755928'),(168,'Brittni','Shawyers','2020-11-16 19:25:02','bshawyers4n','vD72OeOXw','4780133221'),(169,'Leigha','Quene','2020-11-16 19:25:04','lquene4o','xwry5PIjq','1405095565'),(170,'Josselyn','MacGragh','2020-11-16 19:25:06','jmacgragh4p','zh2iW4JzyuZ','3038346311'),(171,'Flint','Kibbee','2020-11-16 19:25:08','fkibbee4q','2ZFaygZC','7847525861'),(172,'Warren','Orr','2020-11-16 19:25:10','worr4r','ZyguiDeGJM','7817020708'),(173,'Sylas','Lapping','2020-11-16 19:25:12','slapping4s','6kX1GtCb7Hc','4159601005'),(174,'Vernice','Prestland','2020-11-16 19:25:14','vprestland4t','RVhzZhQ48t','3128549356'),(175,'Suzann','Gallety','2020-11-16 19:25:16','sgallety4u','AcXMzSxFFoe','3611429058'),(176,'Dolores','Pioli','2020-11-16 19:25:18','dpioli4v','jnNjuUigSG','3811156563'),(177,'Web','Swedeland','2020-11-16 19:25:20','wswedeland4w','Ila4qX7f','4343696198'),(178,'Louisette','Deerness','2020-11-16 19:25:22','ldeerness4x','QGCCTVALF91','5041451902'),(179,'El','Couper','2020-11-16 19:25:24','ecouper4y','hYNMb1A359T','1493612533'),(180,'Bobbi','Ruggen','2020-11-16 19:25:26','bruggen4z','Xs1p5RpU','5701961343'),(181,'Velvet','Van Der Vlies','2020-11-16 19:25:28','vvandervlies50','Z5GKh3mc','3003335298'),(182,'Link','Minillo','2020-11-16 19:25:30','lminillo51','kWeqr6','8397290413'),(183,'Derril','Dennes','2020-11-16 19:25:32','ddennes52','8at5uf','5401227990'),(184,'Melicent','Vasyagin','2020-11-16 19:25:34','mvasyagin53','Gh437MGO0','3349347550'),(185,'Alexia','Ofener','2020-11-16 19:25:36','aofener54','MYNW85l','6603454363'),(186,'Ware','Penner','2020-11-16 19:25:38','wpenner55','CTJYIf8nQR5t','8256601115'),(187,'Angelia','Rowet','2020-11-16 19:25:40','arowet56','mmnpqOXxU','9691779735'),(188,'Antons','Wookey','2020-11-16 19:25:42','awookey57','g9nyaG3','8594427037'),(189,'Clari','Beckley','2020-11-16 19:25:44','cbeckley58','gsnK0BcdLy','8337361098'),(190,'Elsa','Hearon','2020-11-16 19:25:46','ehearon59','5WXtTdox6YN4','1036618435'),(191,'Rourke','Claydon','2020-11-16 19:25:48','rclaydon5a','EDKbsu','9720060594'),(192,'Stacy','Kettoe','2020-11-16 19:25:50','skettoe5b','kauPrhL2Bn','2445118962'),(193,'Marget','Fynan','2020-11-16 19:25:52','mfynan5c','DUVGd7OHr','3150282443'),(194,'Papageno','Hunton','2020-11-16 19:25:54','phunton5d','k01Ox4OLulF','9780670586'),(195,'Corilla','Ranyelld','2020-11-16 19:25:56','cranyelld5e','LwxMVAE0DaJz','6517848834'),(196,'Jerome','Piborn','2020-11-16 19:25:58','jpiborn5f','sxYbmBdq2','3837647541'),(197,'Allison','Janouch','2020-11-16 19:26:00','ajanouch5g','3aUMMFsPuxE','9852322147'),(198,'Margery','Jacobsz','2020-11-16 19:26:02','mjacobsz5h','c7HJoF2v','2336211065'),(199,'Sandro','Simic','2020-11-16 19:26:04','ssimic5i','uXcXLLAdhaC','9286589983'),(200,'Whitney','Pieper','2020-11-16 19:26:06','wpieper5j','6DdONqW','4017867793'),(201,'Sherman','Tieraney','2020-11-16 19:26:08','stieraney5k','wgf8uI2ce','2434186932'),(202,'Chester','Landeaux','2020-11-16 19:26:10','clandeaux5l','raPvSC','8780062921'),(203,'Brittaney','Folomkin','2020-11-16 19:26:12','bfolomkin5m','OPEkus','2976313241'),(204,'Gertruda','Edinburough','2020-11-16 19:26:14','gedinburough5n','Y8OYp0nia','5618539565'),(205,'Cosmo','Sarfatti','2020-11-16 19:26:16','csarfatti5o','F0OoUmHo9K','1729667892'),(206,'Ware','Sivier','2020-11-16 19:26:18','wsivier5p','SQrggXIR','8216060150'),(207,'Findley','Poolton','2020-11-16 19:26:20','fpoolton5q','6MQHMpgVbJ','6415155525'),(208,'Aurelie','Mildmott','2020-11-16 19:26:22','amildmott5r','Tg8rXIK','2635043511'),(209,'Kamillah','Holton','2020-11-16 19:26:24','kholton5s','z9osvx','4965248431'),(210,'Heddie','McFade','2020-11-16 19:26:26','hmcfade5t','KuqzFPPo91f','3516057538'),(211,'Ralph','Osmar','2020-11-16 19:26:28','rosmar5u','PB9trH','4278762253'),(212,'Maris','Jobke','2020-11-16 19:26:30','mjobke5v','ojJYLdnG','7178557918'),(213,'Josephina','Wiffill','2020-11-16 19:26:32','jwiffill5w','z1gyCMY','2787977877'),(214,'Jenna','Denekamp','2020-11-16 19:26:34','jdenekamp5x','jdtWJZceUGN','5645734883'),(215,'Thelma','Gerard','2020-11-16 19:26:36','tgerard5y','fz0tP8gXSE','5209813964'),(216,'Kevan','Yvens','2020-11-16 19:26:38','kyvens5z','InmQW6uVF','2623570818'),(217,'Vivie','Neame','2020-11-16 19:26:40','vneame60','b9aWIAns','1320797685'),(218,'Marti','Couchman','2020-11-16 19:26:42','mcouchman61','mgcEaAOasqP','2661952873'),(219,'Kesley','Vater','2020-11-16 19:26:44','kvater62','QX6DLPv','8662841948'),(220,'Terza','Neeves','2020-11-16 19:26:46','tneeves63','zXKCJd','8890039120'),(221,'Briney','Mair','2020-11-16 19:26:48','bmair64','sSvSvZIQ','1804875352'),(222,'Denyse','MacAlaster','2020-11-16 19:26:50','dmacalaster65','ANr3MmUu','5908619075'),(223,'Berrie','Grealey','2020-11-16 19:26:53','bgrealey66','6vC7ts0WXFxr','2132402856'),(224,'Elset','Rugieri','2020-11-16 19:26:54','erugieri67','x5cMNMFXW0U','7282824552'),(225,'Hunter','Ariss','2020-11-16 19:26:56','hariss68','gSepxff','7904147861'),(226,'Noland','Tomsa','2020-11-16 19:26:59','ntomsa69','VdL1hZl3R','1821460184'),(227,'Consuela','Skellon','2020-11-16 19:27:00','cskellon6a','Bo9ouEqbkF','8857380947'),(228,'Deanna','Ruppeli','2020-11-16 19:27:03','druppeli6b','LZ3qHj','5391913295'),(229,'Jenda','Garthshore','2020-11-16 19:27:05','jgarthshore6c','fHVTu0I2xt','3798286409'),(230,'Aindrea','Glencrosche','2020-11-16 19:27:07','aglencrosche6d','bFhbTES','9675213766'),(231,'Ophelie','Mattioni','2020-11-16 19:27:09','omattioni6e','50PM7t','7232765649'),(232,'Liuka','Cropper','2020-11-16 19:27:11','lcropper6f','L5IThL8','4726768415'),(233,'Margalit','Tysack','2020-11-16 19:27:13','mtysack6g','YBfkRlJ9N','1119261810'),(234,'Dudley','Mooney','2020-11-16 19:27:15','dmooney6h','Ty115V','8256587307'),(235,'Rosette','Fouch','2020-11-16 19:27:17','rfouch6i','s4euanS','4732664834'),(236,'Melva','Salandino','2020-11-16 19:27:19','msalandino6j','1luUdO9W1','6366170775'),(237,'Adham','Dobing','2020-11-16 19:27:21','adobing6k','LzDw8x3o','3784882116'),(238,'Koo','Ruppert','2020-11-16 19:27:23','kruppert6l','jRHrUP','5929005349'),(239,'Jelene','Frissell','2020-11-16 19:27:25','jfrissell6m','6bYJcFT6','8586820285'),(240,'Collie','Mollatt','2020-11-16 19:27:27','cmollatt6n','3qjePRQQM3d','9025806861'),(241,'Evita','Adamini','2020-11-16 19:27:29','eadamini6o','4rCXH0','3627049234'),(242,'Felicia','Thynne','2020-11-16 19:27:31','fthynne6p','0RLvVXsDc','3478792011'),(243,'Morissa','Riteley','2020-11-16 19:27:33','mriteley6q','GXrnD2pp4','4417607127'),(244,'Thorstein','McComish','2020-11-16 19:27:35','tmccomish6r','pr24r5vTMa','9413155756'),(245,'Julietta','Soitoux','2020-11-16 19:27:37','jsoitoux6s','q4oQfpRv9rLc','7410167981'),(246,'Angel','Voice','2020-11-16 19:27:39','avoice6t','SuleRnNIB','4241742780'),(247,'Freeland','Lawes','2020-11-16 19:27:41','flawes6u','REN9axe','8602733965'),(248,'Debee','Arnaldo','2020-11-16 19:27:43','darnaldo6v','KJrtXNfh','7373285589'),(249,'Barby','Fitzhenry','2020-11-16 19:27:45','bfitzhenry6w','oC8hxQOclD6','4342039321'),(250,'Maribelle','Burdess','2020-11-16 19:27:47','mburdess6x','EzH6wU','6019127872'),(251,'Kristos','Pannett','2020-11-16 19:27:49','kpannett6y','WmXfEor9ods','7250099748'),(252,'Rochella','Bellward','2020-11-16 19:27:51','rbellward6z','MlvLnZpBHb','2645359675'),(253,'Bennett','Najara','2020-11-16 19:27:53','bnajara70','FpYJSIgKRX1b','5548093216'),(254,'Zorina','Kinnerk','2020-11-16 19:27:55','zkinnerk71','qGetyRL','4492895912'),(255,'Tiphani','Derye-Barrett','2020-11-16 19:27:57','tderyebarrett72','nTWz2RCrun','2807139146'),(256,'Caressa','Krauss','2020-11-16 19:27:59','ckrauss73','rLjny62L','1779566781'),(257,'Layton','Dally','2020-11-16 19:28:01','ldally74','Maxume3','1508522068'),(258,'Granger','Boulstridge','2020-11-16 19:28:03','gboulstridge75','nwIDJKdZNdh1','1592437796'),(259,'Batholomew','Blooman','2020-11-16 19:28:05','bblooman76','x0WV7r7aM','9977889928'),(260,'Woodrow','Bridgman','2020-11-16 19:28:07','wbridgman77','xEAvC8gmF','4047563252'),(261,'Jarrid','Kasper','2020-11-16 19:28:10','jkasper78','i36cD3G7WY','4100121277'),(262,'Cello','Eagger','2020-11-16 19:28:11','ceagger79','P5ctUAmZNn','8191367792'),(263,'Paolina','McCroary','2020-11-16 19:28:13','pmccroary7a','9UPJYizum','6295519970'),(264,'Irvin','Haisell','2020-11-16 19:28:16','ihaisell7b','6RtCGQ3vl','4173799595'),(265,'Leslie','Hassell','2020-11-16 19:28:18','lhassell7c','YHp5gB3EdCUl','3312726823'),(266,'Barrie','Robertelli','2020-11-16 19:28:20','brobertelli7d','h5c4MxAWiM','1723984810'),(267,'Lonnard','Pickston','2020-11-16 19:28:22','lpickston7e','UQlVyslPpuKv','4281473887'),(268,'Juli','Clell','2020-11-16 19:28:24','jclell7f','64EKYCcuIh','5073654378'),(269,'Carolin','Smeaton','2020-11-16 19:28:26','csmeaton7g','If6o01c4i','5147023196'),(270,'Bancroft','Lowings','2020-11-16 19:28:28','blowings7h','Jmu8iMsm','7920552366'),(271,'Enrika','Bulmer','2020-11-16 19:28:30','ebulmer7i','PW8dEGTuh6Y','1366600875'),(272,'Mariana','Tottie','2020-11-16 19:28:32','mtottie7j','8RI9gB','2160292358'),(273,'Delly','McDuff','2020-11-16 19:28:34','dmcduff7k','MpD6CP4gOl','2606792082'),(274,'Bernita','Trusty','2020-11-16 19:28:36','btrusty7l','OW2QXi','1057584037'),(275,'Robby','Pasticznyk','2020-11-16 19:28:38','rpasticznyk7m','bJbuvXun','2245862846'),(276,'Gabie','Cooling','2020-11-16 19:28:40','gcooling7n','yhqX53S','5791643637'),(277,'Bo','Van Der Walt','2020-11-16 19:28:42','bvanderwalt7o','zcdm4iF','5293945961'),(278,'Mady','Fendlow','2020-11-16 19:28:44','mfendlow7p','eVjCax','9850813972'),(279,'Whitman','Beadle','2020-11-16 19:28:46','wbeadle7q','h4ue5YWpbOK','5781554489'),(280,'Thornie','McClary','2020-11-16 19:28:48','tmcclary7r','249sWeCy','6488887688'),(281,'Rodina','Lindermann','2020-11-16 19:28:50','rlindermann7s','Fm5NFy9s','5044489330'),(282,'Nichols','Sleight','2020-11-16 19:28:52','nsleight7t','7C7WJ829','2172113629'),(283,'Emmy','Tumelty','2020-11-16 19:28:54','etumelty7u','UAmZ7I','2812085069'),(284,'Luis','Afield','2020-11-16 19:28:56','lafield7v','A1O2u2I','6640277868'),(285,'Jacklyn','Josipovic','2020-11-16 19:28:58','jjosipovic7w','jEzrJQh','5218352303'),(286,'Belva','Pendlenton','2020-11-16 19:29:00','bpendlenton7x','g29sRwgzQ','6075985528'),(287,'Tyrone','Isaaksohn','2020-11-16 19:29:02','tisaaksohn7y','qnnCwoaQJZQy','9636037702'),(288,'Devlen','Lenz','2020-11-16 19:29:04','dlenz7z','lIkw3nAD','5571882593'),(289,'Rosmunda','Clemot','2020-11-16 19:29:06','rclemot80','4BBdqkxx2i','9868379992'),(290,'Nicolis','Moller','2020-11-16 19:29:08','nmoller81','B35gwls','7271684454'),(291,'Clemmy','Fernihough','2020-11-16 19:29:10','cfernihough82','TjpyCx','9262291206'),(292,'Aksel','Jennemann','2020-11-16 19:29:12','ajennemann83','MdhLJZEYds','1695332072'),(293,'Alvy','Hurnell','2020-11-16 19:29:14','ahurnell84','zGQO8MfxleLV','4910858594'),(294,'Bern','Pittham','2020-11-16 19:29:16','bpittham85','pv4yRBa89uJ','6300344932'),(295,'Glory','Proughten','2020-11-16 19:29:18','gproughten86','wsuukhb','6984167053'),(296,'Constantine','Gaitung','2020-11-16 19:29:20','cgaitung87','vx6kWW','8954018229'),(297,'Jacki','Roper','2020-11-16 19:29:22','jroper88','45do15ljqJ','2835922038'),(298,'Brandais','Waylett','2020-11-16 19:29:24','bwaylett89','ZXK9OVYvb','2043687167'),(299,'Ronny','Fullylove','2020-11-16 19:29:26','rfullylove8a','TcNhFxvX','8872056678'),(300,'Xylia','Webben','2020-11-16 19:29:28','xwebben8b','Gb5WPmwa','7719145189'),(301,'Lucian','Peterson','2020-11-16 19:29:30','lpeterson8c','355y0BHnTz','1929230644'),(302,'Vincenz','Skate','2020-11-16 19:29:32','vskate8d','0Lu3CMydc','8215868362'),(303,'Fern','Crumbie','2020-11-16 19:29:35','fcrumbie8e','XKBP67','2681865970'),(304,'Dory','Worral','2020-11-16 19:29:36','dworral8f','SXlJKzF3','4761059865'),(305,'Burr','Spataro','2020-11-16 19:29:38','bspataro8g','TCXNA9c','4639160145'),(306,'Caddric','Crosseland','2020-11-16 19:29:41','ccrosseland8h','5sotQS5H6','5812044370'),(307,'Bernardina','Gouck','2020-11-16 19:29:43','bgouck8i','GIjONZed5','8097908987'),(308,'Chelsie','Lerner','2020-11-16 19:29:45','clerner8j','Ih0wFE3tr9','3363672389'),(309,'Layla','Grimwad','2020-11-16 19:29:47','lgrimwad8k','aMRP8mzMh','6871065088'),(310,'Maddalena','Jencken','2020-11-16 19:29:49','mjencken8l','sfRHT1VyR1h','2527485774'),(311,'Abbye','Hardesty','2020-11-16 19:29:51','ahardesty8m','UD7AohM2BWl','8028218413'),(312,'Mabelle','Khristoforov','2020-11-16 19:29:53','mkhristoforov8n','JhCGRI','3880155263'),(313,'Dee dee','Oulet','2020-11-16 19:29:55','doulet8o','fN4xsxKNn79s','1093731642'),(314,'Lizzie','Tynnan','2020-11-16 19:29:57','ltynnan8p','H2c0DUyB','8817373474'),(315,'Nonah','Warry','2020-11-16 19:29:59','nwarry8q','y6iVYvtWeuzw','4318250898'),(316,'Carlen','Borley','2020-11-16 19:30:01','cborley8r','hsnTCH','5752487679'),(317,'Yevette','Woodgate','2020-11-16 19:30:03','ywoodgate8s','11MzGrMUP48','4168543824'),(318,'Shelagh','Bust','2020-11-16 19:30:05','sbust8t','ZRe4PHe','7810050816'),(319,'Ches','Elliston','2020-11-16 19:30:07','celliston8u','tOFVNSlY77','1148332302'),(320,'Franni','Griswood','2020-11-16 19:30:09','fgriswood8v','TEmfIG1','6900688668'),(321,'Melloney','Cleal','2020-11-16 19:30:11','mcleal8w','4vkzQS5YZOF','3127080389'),(322,'Meagan','Stienham','2020-11-16 19:30:13','mstienham8x','nZcF8nQwNS7v','5647934424'),(323,'Haven','Axtell','2020-11-16 19:30:15','haxtell8y','ZRPZxdw','3207243168'),(324,'Chandal','McLenaghan','2020-11-16 19:30:17','cmclenaghan8z','VKHi9FnozNW','3853289348'),(325,'Lars','Dixcey','2020-11-16 19:30:19','ldixcey90','ywHyS3G0JK7e','8491686246'),(326,'Arliene','Rieme','2020-11-16 19:30:21','arieme91','ZABE7DCArwl','8036672958'),(327,'Lettie','Colnett','2020-11-16 19:30:23','lcolnett92','oPmiFgB','8690716744'),(328,'Tersina','Millery','2020-11-16 19:30:25','tmillery93','D3CtF9','2424570446'),(329,'Kristo','Aizikovitch','2020-11-16 19:30:27','kaizikovitch94','llLxLohL3p','6500492018'),(330,'Alikee','Kennon','2020-11-16 19:30:29','akennon95','ZOjqyJf','9679307566'),(331,'Joannes','Duckels','2020-11-16 19:30:31','jduckels96','rAWuhdxnZ3w','8509865408'),(332,'Judy','Mousby','2020-11-16 19:30:33','jmousby97','5j5yCyRZa','8835779717'),(333,'Lavinia','Cholomin','2020-11-16 19:30:35','lcholomin98','sO8ik2Z','3731116206'),(334,'Sandye','Hindge','2020-11-16 19:30:37','shindge99','g4f9kDGOX','8548521719'),(335,'Ronni','Cecchetelli','2020-11-16 19:30:39','rcecchetelli9a','xO63C60D0A','8265691059'),(336,'Ingra','Stopford','2020-11-16 19:30:41','istopford9b','KoLV298nBZT','4630708972'),(337,'Willetta','Amner','2020-11-16 19:30:43','wamner9c','HM2cufLPQcgU','2610653945'),(338,'Karisa','Sinnocke','2020-11-16 19:30:46','ksinnocke9d','WljlR4Bf7','2483375165'),(339,'Edie','Morrilly','2020-11-16 19:30:47','emorrilly9e','f46RgPtMZ','2269201281'),(340,'Tommie','Ridgers','2020-11-16 19:30:49','tridgers9f','xfDOMF03Hu7u','5276308818'),(341,'Geoffry','Jakeman','2020-11-16 19:30:52','gjakeman9g','0cMZOr','3407466333'),(342,'Perry','Eveleigh','2020-11-16 19:30:53','peveleigh9h','vwWLLu','5336278999'),(343,'Town','Di Giacomo','2020-11-16 19:30:55','tdigiacomo9i','k1pGBh','6265036171'),(344,'Trixi','McGarrity','2020-11-16 19:30:58','tmcgarrity9j','TQubpqu','6912054283'),(345,'Gustave','Webermann','2020-11-16 19:31:00','gwebermann9k','LNNuun4ELoc','7165405317'),(346,'Claudine','Braidley','2020-11-16 19:31:02','cbraidley9l','pe2Zy61Csth4','3169396389'),(347,'Fidelia','Josling','2020-11-16 19:31:04','fjosling9m','AG0qVzPswx','1238806905'),(348,'Pattie','Tratton','2020-11-16 19:31:06','ptratton9n','ULVf4G','1824955174'),(349,'Bronnie','Sibborn','2020-11-16 19:31:08','bsibborn9o','sQXQYdrB','6119729605'),(350,'Kally','Dennerly','2020-11-16 19:31:10','kdennerly9p','vhoyjih','6469473028'),(351,'Kevina','Letch','2020-11-16 19:31:12','kletch9q','IE1nqA2OUSa','9137065575'),(352,'Elizabet','Avrahamy','2020-11-16 19:31:14','eavrahamy9r','LtBH0s7wmxE6','9545484926'),(353,'Faulkner','Jowitt','2020-11-16 19:31:16','fjowitt9s','B3JYH1Rie2','4346366692'),(354,'Norbie','Drance','2020-11-16 19:31:18','ndrance9t','C8U8IYsTyKO','2688435024'),(355,'Jaclin','Orum','2020-11-16 19:31:20','jorum9u','EJ8XWTmt','5899603398'),(356,'Sibelle','Shelmerdine','2020-11-16 19:31:22','sshelmerdine9v','rQqzBrVFnUe','4765502242'),(357,'Sherye','Treadwell','2020-11-16 19:31:24','streadwell9w','b35ZceCws','8534543592'),(358,'Mina','felip','2020-11-16 19:31:26','mfelip9x','0p2OxpAKQ','5401915708'),(359,'Corny','Dundredge','2020-11-16 19:31:28','cdundredge9y','mSxqdO','4430090408'),(360,'Alameda','Romaines','2020-11-16 19:31:30','aromaines9z','5jRoY1','1559263888'),(361,'Saxon','Flahive','2020-11-16 19:31:32','sflahivea0','cYIADK','8678938746'),(362,'Cheryl','Konert','2020-11-16 19:31:34','ckonerta1','oigL79Ivz','5080487553'),(363,'Zacherie','Baalham','2020-11-16 19:31:36','zbaalhama2','BZm5ByUnDqu','7861855613'),(364,'Bibbye','Piddlesden','2020-11-16 19:31:38','bpiddlesdena3','Xwjbs4zyMj','6770369911'),(365,'Sid','Briskey','2020-11-16 19:31:40','sbriskeya4','YoADreqLdaM','2346815885'),(366,'Drusilla','Sturte','2020-11-16 19:31:42','dsturtea5','8IauR4VXtW','4439099328'),(367,'Margaretha','Harrowsmith','2020-11-16 19:31:44','mharrowsmitha6','5wkFmDxS','2358929895'),(368,'Mathilde','Gwilt','2020-11-16 19:31:46','mgwilta7','J3A54UVSt','2724291329'),(369,'Harriett','Evequot','2020-11-16 19:31:48','hevequota8','GPMtyxmclES','1224091187'),(370,'Melina','Senior','2020-11-16 19:31:50','mseniora9','THwUm1to','5075916357'),(371,'Hermie','Chatto','2020-11-16 19:31:52','hchattoaa','K12GRJ5k5TI','7160234421'),(372,'Adelaida','Feaks','2020-11-16 19:31:54','afeaksab','VHPwau','9166015131'),(373,'Gaynor','Foulgham','2020-11-16 19:31:56','gfoulghamac','jXEl3nk','2705993497'),(374,'Delcine','Delucia','2020-11-16 19:31:58','ddeluciaad','FniUHjcSn','6187219177'),(375,'Lilia','Dearsley','2020-11-16 19:32:00','ldearsleyae','QqqaVIoUPpk','5071288827'),(376,'Zonda','O\'Henery','2020-11-16 19:32:02','zoheneryaf','bSFLov','8596080414'),(377,'Gay','MacIver','2020-11-16 19:32:04','gmaciverag','ukblVD','5312168065'),(378,'Tiertza','Berndtssen','2020-11-16 19:32:06','tberndtssenah','7gTxZ24','9514980720'),(379,'Yasmin','Pencot','2020-11-16 19:32:08','ypencotai','DCgcWUHW0','5898631020'),(380,'Curran','Christaeas','2020-11-16 19:32:10','cchristaeasaj','3FDxFRPJPGb','8871157290'),(381,'Ruthanne','Story','2020-11-16 19:32:13','rstoryak','frzj91j8w','6767865127'),(382,'Amye','Mowsdill','2020-11-16 19:32:14','amowsdillal','PJXtwmz4Cx','6844800385'),(383,'Ester','McGeachie','2020-11-16 19:32:16','emcgeachieam','U1n9rYAYTGJ','5677288493'),(384,'Tamas','McEntee','2020-11-16 19:32:19','tmcenteean','HV6Frnyga','8804736020'),(385,'Tommy','Lunn','2020-11-16 19:32:20','tlunnao','WncbiV1Qo','4808652008'),(386,'Florentia','Berzin','2020-11-16 19:32:23','fberzinap','T8MKNPAQTpya','8108200648'),(387,'Almeta','Haspineall','2020-11-16 19:32:25','ahaspineallaq','kcFyZ5VjJeL','5775594749'),(388,'Melodie','Echallier','2020-11-16 19:32:27','mechallierar','KgXF6BB','8292409077'),(389,'Pauly','Lacer','2020-11-16 19:32:29','placeras','53F6FxEr1G','5228581850'),(390,'Hadlee','Marzella','2020-11-16 19:32:31','hmarzellaat','QQgk1lSKNT','4976395343'),(391,'Myrilla','Kighly','2020-11-16 19:32:33','mkighlyau','59Ek0GkFzmQ3','8220977768'),(392,'Kimball','Boast','2020-11-16 19:32:35','kboastav','1Jv74x','5147582531'),(393,'Tonia','de Voiels','2020-11-16 19:32:37','tdevoielsaw','4gp8xtghQZ','8458204399'),(394,'Opal','Ferne','2020-11-16 19:32:39','oferneax','a1yNGEx8pl','2636128628'),(395,'Miriam','Chivers','2020-11-16 19:32:41','mchiversay','4MEPt7W19','2392674366'),(396,'Retha','Sanbrooke','2020-11-16 19:32:43','rsanbrookeaz','UcZHPl','9550640757'),(397,'Tine','Anselm','2020-11-16 19:32:45','tanselmb0','qZOt1gS','9477128557'),(398,'Stanislaus','Turbefield','2020-11-16 19:32:47','sturbefieldb1','8rBnqVApKHSx','7023617815'),(399,'Leisha','Trigwell','2020-11-16 19:32:49','ltrigwellb2','stddSU4Cf2A','9471666991'),(400,'Tonnie','Bursell','2020-11-16 19:32:51','tbursellb3','CphpXWF','3122489113'),(401,'Kayle','Lundbeck','2020-11-16 19:32:53','klundbeckb4','7qu8kw3jBn','8681116142'),(402,'Iosep','Dumbell','2020-11-16 19:32:55','idumbellb5','As0yspTEBD','3890703219'),(403,'Nolly','Labbati','2020-11-16 19:32:57','nlabbatib6','WPU5IVIUOJIk','8343027801'),(404,'Bradly','Naismith','2020-11-16 19:32:59','bnaismithb7','4PY31dE58D55','2397264552'),(405,'Janaye','Hunn','2020-11-16 19:33:01','jhunnb8','YNZKCN5UrBOo','1550715563'),(406,'Ariel','Radband','2020-11-16 19:33:03','aradbandb9','IifBg56I22e','6195284891'),(407,'Piper','Emsden','2020-11-16 19:33:05','pemsdenba','IAGdDEoM','7794116260'),(408,'Mozelle','Muge','2020-11-16 19:33:08','mmugebb','CXDaomT9CfM7','6067163202'),(409,'Libby','Maclean','2020-11-16 19:33:10','lmacleanbc','OXjWD3EyPsB','9546773647'),(410,'Elyn','Reavey','2020-11-16 19:33:11','ereaveybd','epQSOFV9f','2453497191'),(411,'Caresse','Belin','2020-11-16 19:33:14','cbelinbe','KgowK0oE','1833281749'),(412,'Lanie','Melmore','2020-11-16 19:33:16','lmelmorebf','M3PJ7Nh5dK','2045958717'),(413,'Sonja','Limmer','2020-11-16 19:33:17','slimmerbg','z0lIHQ','4431983210'),(414,'Oriana','Bernardotte','2020-11-16 19:33:19','obernardottebh','VjUED2Wo','9188159830'),(415,'Gretal','Goolden','2020-11-16 19:33:21','ggooldenbi','fO08gw','1595335836'),(416,'Pearla','Steggals','2020-11-16 19:33:23','psteggalsbj','MhN8sA5oV','5194982334'),(417,'Morton','Hargrove','2020-11-16 19:33:26','mhargrovebk','f4MABHXeSGU9','6434884020'),(418,'Husain','Gemmill','2020-11-16 19:33:28','hgemmillbl','CGnAXASXC','4129161675'),(419,'Keely','Curcher','2020-11-16 19:33:30','kcurcherbm','ZsJW0k','7196153026'),(420,'Helyn','Lehrer','2020-11-16 19:33:32','hlehrerbn','ryReNwYy','3995363086'),(421,'Mordy','Meehan','2020-11-16 19:33:34','mmeehanbo','PEd1yWaXAv','4659629275'),(422,'Freeman','Nare','2020-11-16 19:33:36','fnarebp','CToZfpfy','3430094544'),(423,'Vern','Karlolak','2020-11-16 19:33:38','vkarlolakbq','WbCuU1TN5lP','1888136856'),(424,'Elbert','Stivens','2020-11-16 19:33:40','estivensbr','4dWfF5','2268943611'),(425,'Teri','Kenninghan','2020-11-16 19:33:42','tkenninghanbs','TQeCQ5','4971530425'),(426,'Barbee','Rayson','2020-11-16 19:33:44','braysonbt','4frWqtwlHgE','5635187117'),(427,'Olympie','Gumbrell','2020-11-16 19:33:46','ogumbrellbu','iDRhFOa','5411228321'),(428,'Virgina','Nornable','2020-11-16 19:33:48','vnornablebv','oNtkFWEkGi','4364583047'),(429,'Marten','Arzu','2020-11-16 19:33:50','marzubw','XofiehYep','6740395580'),(430,'Dale','Scotting','2020-11-16 19:33:52','dscottingbx','85KTj4UU71o','9573321272'),(431,'Farand','Steffens','2020-11-16 19:33:54','fsteffensby','VcEW2EjAZ','7942868698'),(432,'Avril','Spelsbury','2020-11-16 19:33:56','aspelsburybz','CQHJgN','6234476419'),(433,'Carlee','Woodfine','2020-11-16 19:33:58','cwoodfinec0','6BmznWbVj','5614744989'),(434,'Korey','Broseman','2020-11-16 19:34:00','kbrosemanc1','EJ3SSGLuo','9323750216'),(435,'Sigismond','MacGilfoyle','2020-11-16 19:34:02','smacgilfoylec2','h1e1UX8mF','7479616494'),(436,'Kip','Mault','2020-11-16 19:34:04','kmaultc3','7NsdJm4XT9z','5723694097'),(437,'Tadd','Featherstonhaugh','2020-11-16 19:34:06','tfeatherstonhaughc4','w4fR3k','7716875467'),(438,'Malia','Ghioni','2020-11-16 19:34:08','mghionic5','I2cDaLyuk','8988667094'),(439,'Udall','Mathie','2020-11-16 19:34:10','umathiec6','TVb1Cpj','9185920059'),(440,'Tuesday','Sharer','2020-11-16 19:34:12','tsharerc7','S8aTXdYeP','8733836630'),(441,'Glyn','Westerman','2020-11-16 19:34:14','gwestermanc8','ueUtJnhbMD','6299813931'),(442,'Bruno','Gallihaulk','2020-11-16 19:34:16','bgallihaulkc9','xgTOccC','5498299183'),(443,'Faith','Deehan','2020-11-16 19:34:18','fdeehanca','GXTOJ0yayT','9071237720'),(444,'Keene','Grimble','2020-11-16 19:34:20','kgrimblecb','axTmNu','6498887874'),(445,'Lenee','Stronach','2020-11-16 19:34:22','lstronachcc','rMAQfJk','2040717592'),(446,'Beth','Saintpierre','2020-11-16 19:34:25','bsaintpierrecd','PUGxzESO','7680349119'),(447,'Ardelle','Bresnen','2020-11-16 19:34:27','abresnence','nuJc2vJz','6192050318'),(448,'Ingrid','Mattschas','2020-11-16 19:34:28','imattschascf','3x07Vhs','8169957691'),(449,'Joline','Pikett','2020-11-16 19:34:31','jpikettcg','xejiqjrO','3977572033'),(450,'Brod','Van der Brug','2020-11-16 19:34:33','bvanderbrugch','6wYvbuxa','7926614018'),(451,'Maddie','Klimontovich','2020-11-16 19:34:35','mklimontovichci','st1qP96sWC','9621534549'),(452,'Wilt','Stanex','2020-11-16 19:34:37','wstanexcj','l1Ybs8L','4666411133'),(453,'Berton','Sieve','2020-11-16 19:34:39','bsieveck','UrimQoJ4','2401725864'),(454,'Zaneta','Sharer','2020-11-16 19:34:41','zsharercl','tcCGdCkmZRBu','4302732325'),(455,'Terri','Bristoe','2020-11-16 19:34:43','tbristoecm','P5yI1voDI7','9740700889'),(456,'Reggy','Sugden','2020-11-16 19:34:45','rsugdencn','4d31ZTp','6701309280'),(457,'Tamra','Casellas','2020-11-16 19:34:47','tcasellasco','k6dP61vng','4768088884'),(458,'Midge','Wemyss','2020-11-16 19:34:49','mwemysscp','j9APt56','1428918340'),(459,'Devi','Harvey','2020-11-16 19:34:51','dharveycq','19GRdUK57Q','2548693307'),(460,'Hagan','Bleazard','2020-11-16 19:34:53','hbleazardcr','udyThr','3186123434'),(461,'Kenny','Mullett','2020-11-16 19:34:55','kmullettcs','oIZmQPcDO','4494818346'),(462,'Joseito','Tirone','2020-11-16 19:34:57','jtironect','EBOJPCnJ','9624650881'),(463,'Marilee','Wharf','2020-11-16 19:34:59','mwharfcu','R4UBUZ6t3','2034477463'),(464,'Sydel','Bage','2020-11-16 19:35:01','sbagecv','aEppikXiAvOV','9428299409'),(465,'Clarette','Mosconi','2020-11-16 19:35:03','cmosconicw','mXCdLkQ','1525217125'),(466,'Mechelle','Sprankling','2020-11-16 19:35:05','mspranklingcx','hfTPW1mVqq','7578258993'),(467,'Nicola','Oseland','2020-11-16 19:35:07','noselandcy','ScfHu92fP82','9833299217'),(468,'Leshia','Boyda','2020-11-16 19:35:09','lboydacz','1DZvHO','8080518477'),(469,'Amalita','Beaston','2020-11-16 19:35:11','abeastond0','kDK9thsd','3120392183'),(470,'Bondie','Mousby','2020-11-16 19:35:13','bmousbyd1','sCUlEIB','3620311576'),(471,'Terrie','Landell','2020-11-16 19:35:15','tlandelld2','PGTRywBz3','8761612621'),(472,'Roxanne','Gramer','2020-11-16 19:35:17','rgramerd3','6U8eW6WbFdGH','2540856570'),(473,'Owen','Watson-Brown','2020-11-16 19:35:19','owatsonbrownd4','giZhji9Os8hq','3074417240'),(474,'Merrili','Laver','2020-11-16 19:35:21','mlaverd5','X4kmWu4','6048187716'),(475,'Diarmid','Syphus','2020-11-16 19:35:23','dsyphusd6','LJ87NCQ5L','5932331927'),(476,'Drusie','Wilshin','2020-11-16 19:35:25','dwilshind7','ysWU00IJh','6085909226'),(477,'Valencia','Dabernott','2020-11-16 19:35:27','vdabernottd8','qrH3i5gBG','9235766529'),(478,'Willie','Petyankin','2020-11-16 19:35:29','wpetyankind9','4IOxpT1MnQpD','3718994017'),(479,'Una','Vockings','2020-11-16 19:35:31','uvockingsda','5Bk7YQuS3F','7676296673'),(480,'Gerta','Bagworth','2020-11-16 19:35:33','gbagworthdb','qrx2hXMHY','1742720336'),(481,'Lynde','Standish','2020-11-16 19:35:35','lstandishdc','qciqPI','5571914863'),(482,'Melina','Kenward','2020-11-16 19:35:37','mkenwarddd','SSDAr3rb0Ln','8467064060'),(483,'Pandora','Duddin','2020-11-16 19:35:39','pduddinde','yU8i9pFSqvJI','9388771026'),(484,'Percival','Bugg','2020-11-16 19:35:41','pbuggdf','o5sfGu7ybax','4379445660'),(485,'Alfons','Spary','2020-11-16 19:35:43','asparydg','68q19rV','3067522012'),(486,'Riva','Bowsher','2020-11-16 19:35:45','rbowsherdh','cNyTMliSKBzi','5903259630'),(487,'Malia','Twiname','2020-11-16 19:35:47','mtwinamedi','zOUL2TBgSqBA','5400527976'),(488,'Arlin','Battershall','2020-11-16 19:35:49','abattershalldj','eH4Eyx','5649354753'),(489,'Jannel','Loggie','2020-11-16 19:35:51','jloggiedk','VOz9iCn','8361822809'),(490,'Jesse','Shorto','2020-11-16 19:35:53','jshortodl','3EakVz','4875300170'),(491,'Helen','Tritten','2020-11-16 19:35:55','htrittendm','2sWIFVO7uwQ2','9259812619'),(492,'Nataniel','Darridon','2020-11-16 19:35:57','ndarridondn','mA3onRjISKX','2865020504'),(493,'Shannen','McDougal','2020-11-16 19:36:00','smcdougaldo','q1huWZtVc','7565907497'),(494,'Anastasie','Cawdery','2020-11-16 19:36:02','acawderydp','2pywlFO','6321611065'),(495,'Malinde','Merdew','2020-11-16 19:36:04','mmerdewdq','YRmssnmD','6468889965'),(496,'Odie','Drieu','2020-11-16 19:36:06','odrieudr','mR4HEW1wDkiK','5246663421'),(497,'Marne','Wetherill','2020-11-16 19:36:08','mwetherillds','luP81cVg5K','3091561660'),(498,'Rudolf','Crummie','2020-11-16 19:36:10','rcrummiedt','nmCQNXd','6302253640'),(499,'Julianna','Gadeaux','2020-11-16 19:36:12','jgadeauxdu','0zuAmzK','8625090550'),(500,'Robbie','Harte','2020-11-16 19:36:14','rhartedv','87mkuz','4878950818'),(501,'Brent','Quincey','2020-11-16 19:36:16','bquinceydw','6kutj9n','1689218859'),(502,'Nelia','Luther','2020-11-16 19:36:18','nlutherdx','mQhVNkr','2722227132'),(503,'Lenci','Houltham','2020-11-16 19:36:20','lhoulthamdy','gOZmIkO8d','3959316852'),(504,'Olivier','Butterley','2020-11-16 19:36:22','obutterleydz','W16h4801zM','4744505363'),(505,'Penni','McElory','2020-11-16 19:36:24','pmcelorye0','XYdfgBjWDrnp','5934816128'),(506,'Westley','Twelves','2020-11-16 19:36:26','wtwelvese1','zwleVQcqOZ3U','7714232138'),(507,'Ermina','Tregenna','2020-11-16 19:36:28','etregennae2','CAThds2HXRS','3964830600'),(508,'Oliviero','Goggen','2020-11-16 19:36:30','ogoggene3','C16SsCow23','9953930090'),(509,'Marci','Haney','2020-11-16 19:36:32','mhaneye4','LrwayoP','6098262530'),(510,'Kendall','Fosher','2020-11-16 19:36:34','kfoshere5','rwc5iqp','6896741115'),(511,'Emmi','Crady','2020-11-16 19:36:36','ecradye6','ZZAALo','2976777716'),(512,'Robena','Rowesby','2020-11-16 19:36:38','rrowesbye7','DctuvlG','1347978478'),(513,'Neille','Timny','2020-11-16 19:36:40','ntimnye8','EPMxlBPB031O','1132300572'),(514,'Paola','Rosnau','2020-11-16 19:36:42','prosnaue9','mxLF04zL1','4830155249'),(515,'Ronny','Durston','2020-11-16 19:36:44','rdurstonea','8MiABm','8886938166'),(516,'Sapphira','Chatan','2020-11-16 19:36:46','schataneb','7Pn2xqZ4tMp','9983234332'),(517,'Flori','McKendo','2020-11-16 19:36:48','fmckendoec','rFndDK4zeKWr','4612723817'),(518,'Aldis','Broad','2020-11-16 19:36:50','abroaded','H1UWLnNJQy','1936140912'),(519,'Sibilla','Kinner','2020-11-16 19:36:52','skinneree','WSHQs4TDBt6h','4613278506'),(520,'Donna','Larmor','2020-11-16 19:36:54','dlarmoref','1wmh6MVNt','1024643929'),(521,'Adelle','Stutter','2020-11-16 19:36:56','astuttereg','P4tAKgdrysJp','9162327689'),(522,'Alli','Bartolomeotti','2020-11-16 19:36:58','abartolomeottieh','QMH9O6','1068257576'),(523,'Vern','Garvie','2020-11-16 19:37:00','vgarvieei','78vcXIWg7','7659305198'),(524,'Desiri','Lubbock','2020-11-16 19:37:02','dlubbockej','Govf0b','2176272752'),(525,'Kelly','Pringley','2020-11-16 19:37:04','kpringleyek','rgA3Cszf','6520149592'),(526,'Allis','Kubec','2020-11-16 19:37:06','akubecel','omQDqnpZAlQ','5679635251'),(527,'Auria','Raylton','2020-11-16 19:37:08','arayltonem','b55DpQB5kCv','7217178494'),(528,'Pierson','Oakenfull','2020-11-16 19:37:10','poakenfullen','rUrtxv','2648723151'),(529,'Josefina','Hyndley','2020-11-16 19:37:12','jhyndleyeo','3IzGnG5i','6878006863'),(530,'Priscilla','Castaignet','2020-11-16 19:37:14','pcastaignetep','GFBGEgKeozz','3989611454'),(531,'Chancey','Molan','2020-11-16 19:37:16','cmolaneq','sbn4ZEZyc4Y','9920496621'),(532,'Lorrie','Sandison','2020-11-16 19:37:18','lsandisoner','lCzSkzC','3925959404'),(533,'Ossie','Copo','2020-11-16 19:37:20','ocopoes','4RfYCyXF','6642632181'),(534,'Vincenz','Gaggen','2020-11-16 19:37:22','vgaggenet','sTerdFON','1456911471'),(535,'Dasha','Bergen','2020-11-16 19:37:24','dbergeneu','8eiQcexrL','5392729853'),(536,'Jacob','Mallinson','2020-11-16 19:37:26','jmallinsonev','J6y1VLO','9062936894'),(537,'Mickie','McDermid','2020-11-16 19:37:28','mmcdermidew','ZMd1ao','7435810826'),(538,'Norry','Shelley','2020-11-16 19:37:30','nshelleyex','Dr7bHWW','5216756832'),(539,'Keslie','Wilbud','2020-11-16 19:37:32','kwilbudey','8icTMuPKnzp','5622038745'),(540,'Camille','Sommers','2020-11-16 19:37:34','csommersez','XHVTfGSz','7537030721'),(541,'Gasper','Francklin','2020-11-16 19:37:36','gfrancklinf0','dXN209TLCy','9988365591'),(542,'Nesta','Spreag','2020-11-16 19:37:38','nspreagf1','5lgB7JBY7Ga6','2950605715'),(543,'Matilda','Phittiplace','2020-11-16 19:37:40','mphittiplacef2','ulaq37vAfd','1676140670'),(544,'Duffie','Bax','2020-11-16 19:37:42','dbaxf3','RZaGag','9631852086'),(545,'Hyman','Haydock','2020-11-16 19:37:44','hhaydockf4','oai0l2SbbB','8825155245'),(546,'Danna','Haddinton','2020-11-16 19:37:46','dhaddintonf5','f9oUUJ3LodXa','1508717122'),(547,'Chilton','Skett','2020-11-16 19:37:49','cskettf6','iGp57aCSq6','6370276802'),(548,'Karyn','Maydwell','2020-11-16 19:37:51','kmaydwellf7','Qv0RhXO4IHBG','3612592829'),(549,'Laurens','Oen','2020-11-16 19:37:52','loenf8','FQ1H5G','8506274718'),(550,'Giffy','Chilley','2020-11-16 19:37:55','gchilleyf9','WG8peJo7qL','8057894637'),(551,'Nani','Brew','2020-11-16 19:37:57','nbrewfa','O7H7Y5cTKf','8145514328'),(552,'Sibylla','Adrienne','2020-11-16 19:37:59','sadriennefb','gIMziJ','6939787663'),(553,'Kirsteni','Novacek','2020-11-16 19:38:01','knovacekfc','bB8uLk4D','3502514043'),(554,'Em','Dyment','2020-11-16 19:38:03','edymentfd','9yO6Ac','1708150216'),(555,'Ericka','Downey','2020-11-16 19:38:05','edowneyfe','Zwsju2','6107725305'),(556,'Ara','Willgoose','2020-11-16 19:38:07','awillgooseff','QmuxnoUHEgX','9178724486'),(557,'Padget','Husselbee','2020-11-16 19:38:09','phusselbeefg','NW3gOh','5355424513'),(558,'Bertie','Jellybrand','2020-11-16 19:38:11','bjellybrandfh','1L6sCgMmSVXD','7768955250'),(559,'Zackariah','Frossell','2020-11-16 19:38:13','zfrossellfi','kk7WFR8H','2601612034'),(560,'Gerik','Negro','2020-11-16 19:38:15','gnegrofj','4H6CVNt6OQ','1540234864'),(561,'Chadwick','Williment','2020-11-16 19:38:17','cwillimentfk','uXgdHp11','6300436243'),(562,'Barbette','Tallet','2020-11-16 19:38:19','btalletfl','pEjJUCrQ','1451552589'),(563,'Fina','Naerup','2020-11-16 19:38:21','fnaerupfm','mxKR7Gr','7689401005'),(564,'Goldy','Wilcox','2020-11-16 19:38:23','gwilcoxfn','Dcl57tFT1tt','7675248419'),(565,'Gianni','Bezley','2020-11-16 19:38:25','gbezleyfo','kHKSYYHQQvlz','8618989691'),(566,'Sergio','Fancet','2020-11-16 19:38:27','sfancetfp','sKVvuNsl1l5','7758160151'),(567,'Kassi','Sheer','2020-11-16 19:38:29','ksheerfq','g2Y1ustpWx','4814447826'),(568,'Myranda','Heaysman','2020-11-16 19:38:31','mheaysmanfr','MiI9ra','9509063496'),(569,'Gardner','Pepys','2020-11-16 19:38:33','gpepysfs','VkheEFq7','9946811594'),(570,'Bianca','Caldron','2020-11-16 19:38:35','bcaldronft','ncDWrycpk484','9757734023'),(571,'Carlo','Leppard','2020-11-16 19:38:37','cleppardfu','KrqT2zL5251x','4003598328'),(572,'Edith','Warburton','2020-11-16 19:38:39','ewarburtonfv','wurmiHI98K','9999143998'),(573,'Thorvald','Stickley','2020-11-16 19:38:41','tstickleyfw','Mhu3AubBxW6','5025176434'),(574,'Hilary','Rookes','2020-11-16 19:38:43','hrookesfx','XyAbi5evmn','2838733493'),(575,'Eba','Cornau','2020-11-16 19:38:45','ecornaufy','Angha9fdd9','4906282775'),(576,'Oralle','Crosfield','2020-11-16 19:38:47','ocrosfieldfz','V6lBIe','8697057511'),(577,'Florenza','Lax','2020-11-16 19:38:49','flaxg0','DxLVMW2G','3694068632'),(578,'Barby','MacTerlagh','2020-11-16 19:38:51','bmacterlaghg1','KvK1iv','7444267023'),(579,'Phillida','Lockless','2020-11-16 19:38:53','plocklessg2','F8wMV5pV','4497459126'),(580,'Saunders','Kellog','2020-11-16 19:38:55','skellogg3','WkjUnsPux','6606649299'),(581,'Robb','Lembke','2020-11-16 19:38:57','rlembkeg4','YFjNXk652','5299579441'),(582,'Lexis','Imrie','2020-11-16 19:38:59','limrieg5','5fBugJrN1v','5802807116'),(583,'Nikaniki','Terrey','2020-11-16 19:39:01','nterreyg6','Z50QLMOi0M','6703328978'),(584,'Rod','Sanson','2020-11-16 19:39:03','rsansong7','WC5YsQV','3856858682'),(585,'Judy','Grinikhin','2020-11-16 19:39:05','jgrinikhing8','1Qi5rjCqmhZ','3017675530'),(586,'Hyacinthe','Whatley','2020-11-16 19:39:07','hwhatleyg9','9QuDpZPC7xA5','9754257206'),(587,'Emilee','Kerby','2020-11-16 19:39:09','ekerbyga','Vs44yeh','7243533252'),(588,'Julia','Luca','2020-11-16 19:39:11','jlucagb','idzLxfwCl','5075070292'),(589,'Seward','Everett','2020-11-16 19:39:13','severettgc','pkDIrhdBQpcs','4329432302'),(590,'Shaughn','Jozsika','2020-11-16 19:39:15','sjozsikagd','6mpgJAF0wKh','4988836426'),(591,'Bridget','Unthank','2020-11-16 19:39:17','bunthankge','9gZnVd','3162129035'),(592,'Bibbie','Lenormand','2020-11-16 19:39:20','blenormandgf','eNDbXl','8988076946'),(593,'Marillin','Blackly','2020-11-16 19:39:21','mblacklygg','gX5v9eWh','2489101355'),(594,'Blayne','Kollatsch','2020-11-16 19:39:23','bkollatschgh','xz4cj9lAs','4280558455'),(595,'Boone','Daout','2020-11-16 19:39:26','bdaoutgi','aCqKwgvDVq','4196795929'),(596,'Derril','Pinchon','2020-11-16 19:39:27','dpinchongj','QHyqbZI','1950651461'),(597,'Ephrayim','Febre','2020-11-16 19:39:29','efebregk','fF3JbGwmQP','7157578358'),(598,'Ealasaid','Giannoni','2020-11-16 19:39:32','egiannonigl','5O2gR12XbTJ','9229288294'),(599,'Lindsay','Gergolet','2020-11-16 19:39:34','lgergoletgm','Sf2KwayH','1516159060'),(600,'Katherine','Daveridge','2020-11-16 19:39:35','kdaveridgegn','xTPQG2uXu','2559510874'),(601,'Aldon','Bullas','2020-11-16 19:39:38','abullasgo','uqiFD3ca','7993248971'),(602,'Sven','Ledson','2020-11-16 19:39:40','sledsongp','2BEMmX','3123794053'),(603,'Xever','Koppens','2020-11-16 19:39:42','xkoppensgq','OFR34AUQb','3911936502'),(604,'Pollyanna','Rallin','2020-11-16 19:39:44','prallingr','CKytiNeXi8E4','2706946036'),(605,'Devin','Behneke','2020-11-16 19:39:46','dbehnekegs','yF68JIeOmt','3099577440'),(606,'Arvy','Gheeorghie','2020-11-16 19:39:48','agheeorghiegt','cSS3qB','7366250429'),(607,'Winthrop','McCandie','2020-11-16 19:39:50','wmccandiegu','Dc74OILdg','2964611349'),(608,'Dorella','Djokic','2020-11-16 19:39:52','ddjokicgv','5Q8SRVE0','6556786883'),(609,'Roseann','Abad','2020-11-16 19:39:54','rabadgw','o2dZIFLIIFEU','5365830195'),(610,'Ki','Maylam','2020-11-16 19:39:56','kmaylamgx','QbvEPcxq','9011262339'),(611,'Paolo','Tyrie','2020-11-16 19:39:58','ptyriegy','2nHdyDDg3','3822336421'),(612,'Kaitlin','Autry','2020-11-16 19:40:00','kautrygz','Bqy3aX5RzR0','3851733214'),(613,'Whittaker','Still','2020-11-16 19:40:02','wstillh0','8V0zj9vEV','1256922289'),(614,'Bucky','Wrigley','2020-11-16 19:40:04','bwrigleyh1','emoSAt','3330535626'),(615,'Lindy','Croizier','2020-11-16 19:40:06','lcroizierh2','tmhMqPoDIfgx','4428714962'),(616,'Romola','Bartle','2020-11-16 19:40:08','rbartleh3','xRODvLido','6561860572'),(617,'Kelvin','Devenport','2020-11-16 19:40:10','kdevenporth4','RQJ6jMc6d','9027607061'),(618,'Simone','Chrystie','2020-11-16 19:40:12','schrystieh5','U7m9lb0sm','1636178277'),(619,'Trip','Hamblin','2020-11-16 19:40:14','thamblinh6','LppHuFt9op','4256955228'),(620,'Ahmad','Ruseworth','2020-11-16 19:40:16','aruseworthh7','vOQpQ9tn1Hl','7338856739'),(621,'Felipe','Coombs','2020-11-16 19:40:18','fcoombsh8','L8enXWjvHK','1869770616'),(622,'Jarred','Surmeyer','2020-11-16 19:40:20','jsurmeyerh9','c3aNF0','3175501446'),(623,'Lincoln','Glazzard','2020-11-16 19:40:22','lglazzardha','YDj9PVPB','7319061334'),(624,'Upton','Moodycliffe','2020-11-16 19:40:24','umoodycliffehb','dhm3bEEWO6tH','3352687428'),(625,'Cross','Pressman','2020-11-16 19:40:26','cpressmanhc','TryOR6','1548844458'),(626,'Bertrando','Zorzi','2020-11-16 19:40:28','bzorzihd','mGVYvrhzsIhp','6870049353'),(627,'Misti','Oxenbury','2020-11-16 19:40:30','moxenburyhe','7o2hiv9','2964762215'),(628,'Darrell','Brinkman','2020-11-16 19:40:32','dbrinkmanhf','ZMwKTh','2104274659'),(629,'Alvie','Gilkison','2020-11-16 19:40:34','agilkisonhg','YVjYVKakx','2914804156'),(630,'Melvin','Farrier','2020-11-16 19:40:36','mfarrierhh','XQo92o','8734116470'),(631,'Billy','Coddington','2020-11-16 19:40:38','bcoddingtonhi','jj1PDsqOT','1582728559'),(632,'Lula','Organer','2020-11-16 19:40:40','lorganerhj','YamYDRG6','5065296742'),(633,'Kitty','Jarrard','2020-11-16 19:40:42','kjarrardhk','Tj1IHbAj','9903397802'),(634,'Kenna','Doumerque','2020-11-16 19:40:45','kdoumerquehl','VmlzndDN4lEE','8267482062'),(635,'Sandye','Cosgrave','2020-11-16 19:40:46','scosgravehm','kdSP48m0i','2719744108'),(636,'Giff','Timperley','2020-11-16 19:40:49','gtimperleyhn','GeHzeAACQDRB','6262333011'),(637,'Nevsa','Lemmers','2020-11-16 19:40:51','nlemmersho','DAGMgRThD','4888412271'),(638,'Vivie','Butterfint','2020-11-16 19:40:53','vbutterfinthp','U4DzUGGj','6121512952'),(639,'Jessey','Preene','2020-11-16 19:40:55','jpreenehq','pk9VeMN','9422811158'),(640,'Fallon','Trenouth','2020-11-16 19:40:57','ftrenouthhr','shzQQwVui4','2642170107'),(641,'Catharina','Bywater','2020-11-16 19:40:59','cbywaterhs','glpt6rimE','4641516071'),(642,'Edithe','Durrans','2020-11-16 19:41:01','edurransht','JIe29qiRcNn','8095436269'),(643,'Fernando','Pateman','2020-11-16 19:41:03','fpatemanhu','RKqbNUIGr','1608336982'),(644,'Laurianne','Tonkin','2020-11-16 19:41:05','ltonkinhv','v7wyZ446pl','8846907953'),(645,'Clem','Prandin','2020-11-16 19:41:07','cprandinhw','u24lIR','6223719586'),(646,'Sascha','Coupe','2020-11-16 19:41:09','scoupehx','JP79wfGsxR','3989421892'),(647,'Addy','Pendleberry','2020-11-16 19:41:11','apendleberryhy','i11NiWhZjfW','6118579929'),(648,'Ida','Bloomfield','2020-11-16 19:41:13','ibloomfieldhz','c8zlwU','9870000033'),(649,'Mattheus','Derges','2020-11-16 19:41:15','mdergesi0','DaetYaOr4ZV','7479248342'),(650,'Garrick','Simmon','2020-11-16 19:41:17','gsimmoni1','8gh195','3201924019'),(651,'Gilberte','Saxby','2020-11-16 19:41:19','gsaxbyi2','Nyd7j9','7364421468'),(652,'Arlena','Goodwyn','2020-11-16 19:41:21','agoodwyni3','cj8NfMyLFCg','2097741781'),(653,'Gard','McKinnell','2020-11-16 19:41:23','gmckinnelli4','C3e9KLiAJ5','4497356168'),(654,'Sal','Deyes','2020-11-16 19:41:25','sdeyesi5','w4TpUfjdIcqO','2670977416'),(655,'Sinclare','Dudbridge','2020-11-16 19:41:27','sdudbridgei6','a0lUvvI3Tf','1813867393'),(656,'Simonette','Sparshott','2020-11-16 19:41:29','ssparshotti7','MZOXAJS8IE','5526189510'),(657,'Coral','Hewins','2020-11-16 19:41:31','chewinsi8','law7f6idf','6524456057'),(658,'Craggie','Danihel','2020-11-16 19:41:33','cdaniheli9','ZIhMg5muw','6264363305'),(659,'Evangeline','Phear','2020-11-16 19:41:35','ephearia','URc15vl','1971894409'),(660,'Duffy','Edgeson','2020-11-16 19:41:37','dedgesonib','6Eq4oxNnCYHT','3717065031'),(661,'Boot','Pinniger','2020-11-16 19:41:39','bpinnigeric','fdjuy6EHqF','8520216408'),(662,'Reinold','Maven','2020-11-16 19:41:41','rmavenid','VAC5E7Yx','3925769152'),(663,'Leta','Storms','2020-11-16 19:41:43','lstormsie','5iCRfxkU','4429440089'),(664,'Sheba','Henri','2020-11-16 19:41:45','shenriif','jNvw3rImIj2','5612416340'),(665,'Genvieve','Huby','2020-11-16 19:41:47','ghubyig','tOfWvIVMq','7070075033'),(666,'Hilarius','Tuting','2020-11-16 19:41:49','htutingih','NByfYvSawWXT','5208171503'),(667,'Pate','Rudiger','2020-11-16 19:41:51','prudigerii','m8Xh0j','6685199976'),(668,'Tuckie','Woodrooffe','2020-11-16 19:41:53','twoodrooffeij','soNz2NkI0','3895588661'),(669,'Derrik','Posvner','2020-11-16 19:41:55','dposvnerik','kSvLWWORGi','3075236803'),(670,'Daryn','Dionis','2020-11-16 19:41:57','ddionisil','m8UxGfd','8597120179'),(671,'Agace','Brittan','2020-11-16 19:41:59','abrittanim','ySbbXs','3380187666'),(672,'Joella','Buxsy','2020-11-16 19:42:01','jbuxsyin','xgf6HYIj4X1','4635721172'),(673,'Collie','Conford','2020-11-16 19:42:03','cconfordio','D7YL8w087','8530616413'),(674,'Grazia','Widdison','2020-11-16 19:42:05','gwiddisonip','kbvmuYyw','7207578589'),(675,'Allis','Cheeney','2020-11-16 19:42:08','acheeneyiq','VghnkYXKk5','8020896091'),(676,'Megen','Belfield','2020-11-16 19:42:09','mbelfieldir','9NnYFopJWQe','6574570312'),(677,'Jenn','Girardot','2020-11-16 19:42:11','jgirardotis','72DJUQex','3688557432'),(678,'Griffie','Brady','2020-11-16 19:42:13','gbradyit','YuXHS2zu','2239088522'),(679,'Anne-marie','Melliard','2020-11-16 19:42:15','amelliardiu','5oWfla','3838792991'),(680,'Wye','McGlaud','2020-11-16 19:42:17','wmcglaudiv','Ywjn9ta','5174674050'),(681,'Dianna','Renzo','2020-11-16 19:42:19','drenzoiw','ZBWAXJQQrawI','3280565177'),(682,'Rollo','Evitts','2020-11-16 19:42:21','revittsix','d951S721L','8889308018'),(683,'Davine','Verbruggen','2020-11-16 19:42:23','dverbruggeniy','V1C1oHjSl51f','6350028484'),(684,'Livvyy','Broadbent','2020-11-16 19:42:26','lbroadbentiz','jkbvhTN','8437373612'),(685,'Peadar','Remer','2020-11-16 19:42:28','premerj0','wYhxIyGnz','1460955320'),(686,'Huey','Spacy','2020-11-16 19:42:29','hspacyj1','Iz3eleE','3795126890'),(687,'Chancey','Lejeune','2020-11-16 19:42:32','clejeunej2','Cohj8ebU','3831881451'),(688,'Aldwin','Cosyns','2020-11-16 19:42:34','acosynsj3','OwJWBziGSFW4','5081701247'),(689,'Katha','Hartill','2020-11-16 19:42:36','khartillj4','C7FgMPzDxr','7309229547'),(690,'Grier','Coatts','2020-11-16 19:42:38','gcoattsj5','jKLIdtixU','4901859355'),(691,'Eda','Hedges','2020-11-16 19:42:41','ehedgesj6','SVsTMVm','1795710638'),(692,'Rivkah','Caldeiro','2020-11-16 19:42:43','rcaldeiroj7','YDej4tS69e','6489198200'),(693,'Hyatt','Howey','2020-11-16 19:42:45','hhoweyj8','xgHHRDFiA6D','4013543492'),(694,'Madella','Forsbey','2020-11-16 19:42:47','mforsbeyj9','TYe81M8ZyO3N','3565849860'),(695,'Wynn','Marshman','2020-11-16 19:42:49','wmarshmanja','CFhFOCPDA','6507234908'),(696,'Dominik','Labro','2020-11-16 19:42:51','dlabrojb','GrpaIZA8T5U','5832525015'),(697,'Melany','des Remedios','2020-11-16 19:42:53','mdesremediosjc','C26R64UU','1964543539'),(698,'Jasper','Demkowicz','2020-11-16 19:42:55','jdemkowiczjd','oh2zEGvbiDIV','6777243725'),(699,'Pearla','Briant','2020-11-16 19:42:57','pbriantje','GKcWfwf','2670654496'),(700,'Babette','Blinder','2020-11-16 19:42:59','bblinderjf','QDkxhDapcz','1281290548'),(701,'Kurtis','Radage','2020-11-16 19:56:33','kradagejg','h24G0xPN','7222653866'),(702,'Ethelind','Isard','2020-11-16 19:56:35','eisardjh','qcspVEb','2689275879'),(703,'Emmalyn','Skinner','2020-11-16 19:56:37','eskinnerji','EmEzYsUg','6148455315'),(704,'Valencia','Jagson','2020-11-16 19:56:39','vjagsonjj','zgxxlmK','5149608046'),(705,'Ric','Lorie','2020-11-16 19:56:41','rloriejk','QJABORq8W','8183994333'),(706,'Nolana','Gurner','2020-11-16 19:56:43','ngurnerjl','gw4axhCb','8268988355'),(707,'Jule','McParlin','2020-11-16 19:56:45','jmcparlinjm','DwZiuHJuu','9244333260'),(708,'Hannah','Bister','2020-11-16 19:56:47','hbisterjn','xh9o3JQho','1310866195'),(709,'Geoff','Eskriett','2020-11-16 19:56:49','geskriettjo','zetHtncWxE','1403099140'),(710,'Wren','Frediani','2020-11-16 19:56:51','wfredianijp','E4CnBzkKp','8195265243'),(711,'Frederic','Dearlove','2020-11-16 19:56:53','fdearlovejq','Lu98reAN','5205825776'),(712,'Abagail','Heeran','2020-11-16 19:56:55','aheeranjr','lL7K8aPs','8968646068'),(713,'Valencia','Nussii','2020-11-16 19:56:57','vnussiijs','XbxvARV0HQ','6423756726'),(714,'Hagen','Stogill','2020-11-16 19:56:59','hstogilljt','GjxymxpeiguZ','4733206869'),(715,'Cathee','Mateev','2020-11-16 19:57:01','cmateevju','585gVQO5t','7025856900'),(716,'Bobette','Fardoe','2020-11-16 19:57:03','bfardoejv','qxQ6XVsQa25','7338920765'),(717,'Vin','Krolak','2020-11-16 19:57:05','vkrolakjw','hnJ8rPFTTY7','9832500135'),(718,'Welch','Braghini','2020-11-16 19:57:07','wbraghinijx','uCDceyD9','7980729968'),(719,'Darsie','Kops','2020-11-16 19:57:09','dkopsjy','n0vL5mXhAQ','4382732762'),(720,'Larry','Welbeck','2020-11-16 19:57:11','lwelbeckjz','EY7BZHUnCx','7321819868'),(721,'Irving','Boldero','2020-11-16 19:57:13','ibolderok0','v6YYUVXOlLx','2002310548'),(722,'Jana','Stanbra','2020-11-16 19:57:15','jstanbrak1','v3vj5NQ','6602239025'),(723,'Belvia','Gossling','2020-11-16 19:57:17','bgosslingk2','dq0hP3sU7ztG','8707585488'),(724,'Ulises','Baudin','2020-11-16 19:57:19','ubaudink3','7OsY05SGK','7258879349'),(725,'Dallon','Burchnall','2020-11-16 19:57:21','dburchnallk4','uF9hFKLkqf8d','8426494914'),(726,'Vera','Baudoux','2020-11-16 19:57:23','vbaudouxk5','7oH7mW','1273289854'),(727,'Letizia','Elder','2020-11-16 19:57:25','lelderk6','gPJ1gHgi','6074044470'),(728,'Simone','Buckbee','2020-11-16 19:57:27','sbuckbeek7','bHfiL6','3551925769'),(729,'Gizela','Hehir','2020-11-16 19:57:29','ghehirk8','38oQoVKMG','3492093585'),(730,'Angelia','Tokell','2020-11-16 19:57:31','atokellk9','756Y2r1XV8','8126913863'),(731,'Clareta','Gregorowicz','2020-11-16 19:57:33','cgregorowiczka','GgwV7yEi','9229078474'),(732,'Christophe','Gavrielli','2020-11-16 19:57:35','cgavriellikb','61BZQkNHe','4840062331'),(733,'Shelbi','Vardon','2020-11-16 19:57:37','svardonkc','HindeI','9613327421'),(734,'Zuzana','Foxworthy','2020-11-16 19:57:39','zfoxworthykd','aYS0Vt6x','8936501090'),(735,'Christophorus','Banham','2020-11-16 19:57:41','cbanhamke','dtyTwN','3814088442'),(736,'Mike','Yerrell','2020-11-16 19:57:43','myerrellkf','JduNDO','3264866604'),(737,'Fair','Roubert','2020-11-16 19:57:45','froubertkg','xjBsUOzI','2292155085'),(738,'Flss','Duguid','2020-11-16 19:57:47','fduguidkh','Hk81CfCeUPic','1374063313'),(739,'Elissa','Freeman','2020-11-16 19:57:49','efreemanki','2pogZk','4060352860'),(740,'Shalna','Jaxon','2020-11-16 19:57:51','sjaxonkj','NxkxBD','7135392053'),(741,'Hetty','Glennie','2020-11-16 19:57:53','hglenniekk','4AbpcTEn','4885272427'),(742,'James','Eke','2020-11-16 19:57:55','jekekl','BdhAsL6X3Ot','9211169189'),(743,'Ninette','Geyton','2020-11-16 19:57:57','ngeytonkm','jtwpPi1H','9195707927'),(744,'Herbie','Strike','2020-11-16 19:57:59','hstrikekn','ly8fVA','4502158799'),(745,'Marve','Sellar','2020-11-16 19:58:01','msellarko','0KTHcee','7299647181'),(746,'Beaufort','Pawsey','2020-11-16 19:58:03','bpawseykp','PrSkr6Q89bPG','5710869287'),(747,'Deck','Marriott','2020-11-16 19:58:05','dmarriottkq','ehBcrr4','5368661515'),(748,'Aeriela','Birkenshaw','2020-11-16 19:58:07','abirkenshawkr','1gwx11Xm','8756103298'),(749,'Minni','Gallichan','2020-11-16 19:58:09','mgallichanks','3FfmWiAG3','4738148900'),(750,'Stepha','Broseke','2020-11-16 19:58:11','sbrosekekt','b746ElXe','5211850441'),(751,'Aline','Laming','2020-11-16 19:58:13','alamingku','dEb2cp','1519737107'),(752,'Farlie','Calken','2020-11-16 19:58:15','fcalkenkv','pdhHj2H4','5743263190'),(753,'Antoni','Saur','2020-11-16 19:58:17','asaurkw','JnMrawP','8210002620'),(754,'Audy','Seagood','2020-11-16 19:58:19','aseagoodkx','xk28kgNH','2177293499'),(755,'Ailbert','Kalb','2020-11-16 19:58:21','akalbky','bnue1vON1PIj','9044141185'),(756,'Kala','Morrant','2020-11-16 19:58:23','kmorrantkz','GokD6PwKGT','5808838671'),(757,'Sheelah','Lillistone','2020-11-16 19:58:25','slillistonel0','aVym8NTUP6','9129260255'),(758,'Ruthie','Petrovsky','2020-11-16 19:58:27','rpetrovskyl1','IoTg5Kms4','8493532621'),(759,'Pauly','Lapsley','2020-11-16 19:58:29','plapsleyl2','GVcclJs6F','3148981322'),(760,'Joanne','Hollyar','2020-11-16 19:58:32','jhollyarl3','N2AtCyksSv','1098143708'),(761,'Milka','Sidebottom','2020-11-16 19:58:34','msidebottoml4','xal51at2E','8388271330'),(762,'Verene','Filipchikov','2020-11-16 19:58:36','vfilipchikovl5','h2wtNVVwrOc','5766540883'),(763,'Myles','Zavattieri','2020-11-16 19:58:38','mzavattieril6','oW3yugwnLU','9888180361'),(764,'Alejandra','De Ath','2020-11-16 19:58:40','adeathl7','q64PRm9a1','9222872092'),(765,'Ricoriki','Quantrell','2020-11-16 19:58:42','rquantrelll8','KpUMy6sGY','8470220685'),(766,'Eldredge','Risom','2020-11-16 19:58:44','erisoml9','jbrhMib9','5419757552'),(767,'Donni','Bellas','2020-11-16 19:58:46','dbellasla','vRmAxNZAOD','7314903666'),(768,'Petra','Moutray Read','2020-11-16 19:58:48','pmoutrayreadlb','irFkMgFSco','6126624288'),(769,'Araldo','Mayou','2020-11-16 19:58:50','amayoulc','6AnjXH','6066028986'),(770,'Ainslee','Batalini','2020-11-16 19:58:52','abatalinild','ewAapMCc','2785577665'),(771,'Tedra','Shoreson','2020-11-16 19:58:54','tshoresonle','f1g77O3','4205816234'),(772,'Basil','Pickup','2020-11-16 19:58:56','bpickuplf','bmAlqbrUc','6633556922'),(773,'Doroteya','Trillo','2020-11-16 19:58:58','dtrillolg','8pCfuARfyhqa','1808219122'),(774,'Coralie','Letchmore','2020-11-16 19:59:00','cletchmorelh','N4Zdkm','8498714608'),(775,'Nonah','Heaker','2020-11-16 19:59:02','nheakerli','EFX3qVh','5690401453'),(776,'Walliw','Blenkensop','2020-11-16 19:59:04','wblenkensoplj','Uie25vgrxn','1387958141'),(777,'De','Sharphouse','2020-11-16 19:59:06','dsharphouselk','SvHPzrToD8w','7010523320'),(778,'Celesta','Emburey','2020-11-16 19:59:08','cembureyll','s0BJQvZij','7595000183'),(779,'Laura','Lightbowne','2020-11-16 19:59:10','llightbownelm','SiPl0JoZbx','5741101238'),(780,'Sophia','Bexon','2020-11-16 19:59:12','sbexonln','84tYMYfr8XQs','9459776868'),(781,'Lammond','Lenin','2020-11-16 19:59:14','lleninlo','saKkY5I','9042949424'),(782,'Hailee','Wyndham','2020-11-16 19:59:16','hwyndhamlp','o7PhF1A','5107393395'),(783,'Zack','Gresswell','2020-11-16 19:59:18','zgresswelllq','9NvQGjYXeg','4582123073'),(784,'Anet','Graffin','2020-11-16 19:59:20','agraffinlr','CHRZ2jGLC','6990829440'),(785,'Brooks','Woofendell','2020-11-16 19:59:22','bwoofendellls','61If7pfW1Z','9481521253'),(786,'Debby','Emslie','2020-11-16 19:59:24','demslielt','EL2BHU7ZZk3K','5357068989'),(787,'Filia','Kelcher','2020-11-16 19:59:26','fkelcherlu','KFU7oIOaHfVX','9659105125'),(788,'Kerianne','McHardy','2020-11-16 19:59:28','kmchardylv','MyaQbRuITs','7748560000'),(789,'Cordy','Cleverley','2020-11-16 19:59:30','ccleverleylw','nK60JS','2526024495'),(790,'Sapphira','D\'eath','2020-11-16 19:59:32','sdeathlx','bcIbZm2f','2987210471'),(791,'Hillel','Casarini','2020-11-16 19:59:35','hcasarinily','hfiNCPu','5078806036'),(792,'Dorella','Beckham','2020-11-16 19:59:37','dbeckhamlz','zXFWaFuix4xp','1613999200'),(793,'Inna','Grindle','2020-11-16 19:59:39','igrindlem0','d9MsE8c','1269584107'),(794,'Tiphany','Waszkiewicz','2020-11-16 19:59:41','twaszkiewiczm1','NtFIb0ene','6972774524'),(795,'Candi','Eddie','2020-11-16 19:59:43','ceddiem2','OMDfzhmJphU','4041136580'),(796,'Port','Hedger','2020-11-16 19:59:45','phedgerm3','ECKi2rNba0Tw','8368472758'),(797,'Gerry','Gozney','2020-11-16 19:59:47','ggozneym4','XtkUWNAzLBmI','3377873928'),(798,'Charmane','Henfre','2020-11-16 19:59:49','chenfrem5','2FMBJizgNz','2593785163'),(799,'Chloette','Meus','2020-11-16 19:59:51','cmeusm6','6AMf4H0rL6QF','2978298346'),(800,'Cecilia','Kopps','2020-11-16 19:59:53','ckoppsm7','7NNF5R0AL','2827019456'),(801,'Darin','Kinloch','2020-11-16 19:59:55','dkinlochm8','ykpCq3','3985229310'),(802,'Karalynn','McGrorty','2020-11-16 19:59:57','kmcgrortym9','x5dlqxc3I6','8274093254'),(803,'Gunther','Matovic','2020-11-16 19:59:59','gmatovicma','xnxMAE','5182508964'),(804,'Elvera','Melonby','2020-11-16 20:00:01','emelonbymb','R8rVusc8','9342069912'),(805,'Seymour','Sommerlin','2020-11-16 20:00:03','ssommerlinmc','Odtxecq','7433881084'),(806,'Francis','Waddicor','2020-11-16 20:00:05','fwaddicormd','nbeaUenAbL0F','7882064149'),(807,'Madalena','Neeves','2020-11-16 20:00:07','mneevesme','LtVeIMbmgZln','5708945892'),(808,'Sallie','Meffen','2020-11-16 20:00:09','smeffenmf','aljQqP','3552411517'),(809,'Hugo','Quigley','2020-11-16 20:00:11','hquigleymg','dpKlp2q7P','8976586348'),(810,'Sax','Shackel','2020-11-16 20:00:13','sshackelmh','7O4uprr','1260261003'),(811,'Keven','Sesser','2020-11-16 20:00:15','ksessermi','z2hyfjsw','5195050452'),(812,'Annabell','Hutson','2020-11-16 20:00:17','ahutsonmj','COQid5bm','6732455191'),(813,'Domini','O\'Cosgra','2020-11-16 20:00:19','docosgramk','3qTt0Tuw','3697175673'),(814,'Mollee','Duce','2020-11-16 20:00:21','mduceml','ow2QMt','2343541835'),(815,'Skipp','McGaughie','2020-11-16 20:00:23','smcgaughiemm','xnCCDAdfx7i2','7679337859'),(816,'Martita','Cummings','2020-11-16 20:00:25','mcummingsmn','U8uVgcB8CA0','5867546434'),(817,'Aurora','Pachta','2020-11-16 20:00:27','apachtamo','mMoeOC3XSsL','9684757378'),(818,'Wendel','Beckhouse','2020-11-16 20:00:29','wbeckhousemp','2ncapHJD3','3909830521'),(819,'Menard','Brownfield','2020-11-16 20:00:31','mbrownfieldmq','g4sgeiwRYPGK','8838133687'),(820,'Ddene','Robberts','2020-11-16 20:00:33','drobbertsmr','ZApg1PtYw','6420761393'),(821,'Irita','Lattka','2020-11-16 20:00:35','ilattkams','mmHOg2CxeeqJ','1454806286'),(822,'Aldo','Pearcehouse','2020-11-16 20:00:37','apearcehousemt','3SL1l5hN4dW','4589440552'),(823,'Lise','Henmarsh','2020-11-16 20:00:39','lhenmarshmu','BvKxKI','1438693578'),(824,'Tess','Keddle','2020-11-16 20:00:41','tkeddlemv','T7bPdpIScD','3084152417'),(825,'Damita','MacTeague','2020-11-16 20:00:43','dmacteaguemw','U57RmERF2Pa6','9928540523'),(826,'Caprice','Capstack','2020-11-16 20:00:46','ccapstackmx','vezQy9WTZQ','5992228054'),(827,'Malvina','Kestle','2020-11-16 20:00:47','mkestlemy','ytjjjpO1P','3082464099'),(828,'Carena','Daftor','2020-11-16 20:00:49','cdaftormz','q0Rurh','5914588200'),(829,'Gard','Gaudin','2020-11-16 20:00:52','ggaudinn0','Iof6UQFHTq','7873893260'),(830,'Ferd','Harrisson','2020-11-16 20:00:53','fharrissonn1','NGv8ehBaAB','4606980313'),(831,'Jocelyn','Danne','2020-11-16 20:00:55','jdannen2','FtyGZwO','4041583536'),(832,'Joscelin','Le Strange','2020-11-16 20:00:58','jlestrangen3','mrjlz99qxS6','3148774184'),(833,'Ambrose','Rootham','2020-11-16 20:01:00','aroothamn4','DZSezTnbolXr','6035366097'),(834,'Verena','Kilday','2020-11-16 20:01:01','vkildayn5','QZQfa3w','3203301413'),(835,'Doretta','MacGebenay','2020-11-16 20:01:04','dmacgebenayn6','B8BaY64U','3895206745'),(836,'Shirlene','Edden','2020-11-16 20:01:06','seddenn7','dZPUF8','5268628693'),(837,'Britta','Bramelt','2020-11-16 20:01:07','bbrameltn8','2Crc03tV','4054665104'),(838,'Carlie','Carnall','2020-11-16 20:01:10','ccarnalln9','faQXG2tc','6787732152'),(839,'Kathrine','Jarrel','2020-11-16 20:01:12','kjarrelna','daGghz','2984763556'),(840,'Goldarina','Borman','2020-11-16 20:01:14','gbormannb','IXc18ks','7672012406'),(841,'Debra','Cornes','2020-11-16 20:01:16','dcornesnc','e3jEYaNDDpR','8073992259'),(842,'Rebeka','Currer','2020-11-16 20:01:18','rcurrernd','Varqy2','5487729227'),(843,'Tuckie','Kuhndel','2020-11-16 20:01:20','tkuhndelne','LF8f7d','9740816546'),(844,'Cati','Boxe','2020-11-16 20:01:22','cboxenf','3I2mnd','4815885916'),(845,'Olag','Skellen','2020-11-16 20:01:24','oskellenng','4L6mTe3','2006502716'),(846,'Jeth','Dhillon','2020-11-16 20:01:26','jdhillonnh','OOQYYTJ','7935535562'),(847,'Lars','Oakeby','2020-11-16 20:01:28','loakebyni','JgxbsPa6CtO','6745036779'),(848,'Bryn','Drew-Clifton','2020-11-16 20:01:30','bdrewcliftonnj','tiARsV','8884050843'),(849,'Dall','Moreland','2020-11-16 20:01:32','dmorelandnk','rVZGhlC9UuV','5281914535'),(850,'Cordell','Catto','2020-11-16 20:01:34','ccattonl','GFijA20C8T8r','3532344162'),(851,'Kimberley','Munsey','2020-11-16 20:01:36','kmunseynm','dEjt56K','1007804821'),(852,'Lanie','Teacy','2020-11-16 20:01:38','lteacynn','s8zkpr3pQ','3105222499'),(853,'Reena','Groneway','2020-11-16 20:01:40','rgronewayno','HwmfJ6QqF','6717553993'),(854,'Yardley','Poll','2020-11-16 20:01:42','ypollnp','ARV6X4wl7Em','2158853732'),(855,'Curt','Corson','2020-11-16 20:01:44','ccorsonnq','4TCVfW','7177472695'),(856,'Emmeline','Sidden','2020-11-16 20:01:46','esiddennr','KI420SU','7714413534'),(857,'Aylmar','Thurstan','2020-11-16 20:01:48','athurstanns','OXaBhVjq','9751533973'),(858,'Karee','Sampson','2020-11-16 20:01:50','ksampsonnt','wgSMkzQfB42','2957398878'),(859,'Conrado','Frobisher','2020-11-16 20:01:52','cfrobishernu','JDfoqobN7','3289579179'),(860,'Ralf','Longworth','2020-11-16 20:01:54','rlongworthnv','Tzc6ULqiI','6797980209'),(861,'Harvey','Delap','2020-11-16 20:01:56','hdelapnw','4weRasUHR','3707131851'),(862,'Garrett','Mulhall','2020-11-16 20:01:58','gmulhallnx','B92FkUr4Do','2634304040'),(863,'Sonya','Putson','2020-11-16 20:02:00','sputsonny','FU91pQbLDfY','8151326398'),(864,'Nadean','Jeroch','2020-11-16 20:02:02','njerochnz','CyQNtRc','8713551055'),(865,'Luci','Kinkaid','2020-11-16 20:02:04','lkinkaido0','y93UuXfif','8122840004'),(866,'Drona','Collie','2020-11-16 20:02:06','dcollieo1','eGxLrjN1','4094887485'),(867,'Harwell','Cleeves','2020-11-16 20:02:08','hcleeveso2','HpuWBx4UQBb','4254189960'),(868,'Woodrow','Gearty','2020-11-16 20:02:10','wgeartyo3','mEkp77hoD5N7','2909449162'),(869,'Julia','Healey','2020-11-16 20:02:12','jhealeyo4','NlosmxuC','2798279409'),(870,'Dick','Landeaux','2020-11-16 20:02:14','dlandeauxo5','7q8jFGIr0','2162541367'),(871,'Penni','Daniaud','2020-11-16 20:02:16','pdaniaudo6','4gzIOUMJWV','2430337408'),(872,'Gerrilee','Spellessy','2020-11-16 20:02:18','gspellessyo7','ijuu580glcw','8918731030'),(873,'Walsh','Kitley','2020-11-16 20:02:20','wkitleyo8','TpksqG2NH4U1','6973197279'),(874,'Carolann','Yelden','2020-11-16 20:02:22','cyeldeno9','X5O9Agg','6340362823'),(875,'Renelle','Burdfield','2020-11-16 20:02:24','rburdfieldoa','KQln1Q6','4374643572'),(876,'Mariann','Wickersham','2020-11-16 20:02:26','mwickershamob','nequN6d7','3127135323'),(877,'Xenia','Norcock','2020-11-16 20:02:28','xnorcockoc','Mas23A','6180967817'),(878,'Tawsha','Pidgen','2020-11-16 20:02:30','tpidgenod','sqqSHLa66','1109170282'),(879,'Davine','Bettington','2020-11-16 20:02:32','dbettingtonoe','KDlzQLOL643','9583133617'),(880,'Glad','Pryor','2020-11-16 20:02:34','gpryorof','EXDpFqAk','3204928954'),(881,'Letizia','Troutbeck','2020-11-16 20:02:36','ltroutbeckog','4OiW8q','8963918691'),(882,'Cilka','Flott','2020-11-16 20:02:38','cflottoh','lO5hGWIGIGjC','3231638468'),(883,'Tedd','Peace','2020-11-16 20:02:40','tpeaceoi','oOdR5QP08','9541409410'),(884,'Hermione','McAndrew','2020-11-16 20:02:42','hmcandrewoj','AnVXQ7wUhLa','1948661996'),(885,'Marge','Durrand','2020-11-16 20:02:44','mdurrandok','8L2FxiLKgc7','9758707909'),(886,'Elianore','Lewin','2020-11-16 20:02:47','elewinol','vWVce4sF','8223806698'),(887,'Beatriz','Jachtym','2020-11-16 20:02:48','bjachtymom','is8XjiWFEyFi','8706930823'),(888,'Giana','Lory','2020-11-16 20:02:51','gloryon','oMROd6PsH9','3869573670'),(889,'Bennett','Hatfull','2020-11-16 20:02:53','bhatfulloo','PUZSNlCFM95l','6621333033'),(890,'Townsend','Melledy','2020-11-16 20:02:55','tmelledyop','6yaTbV','7135516843'),(891,'Grannie','Kennsley','2020-11-16 20:02:57','gkennsleyoq','VmwHaD1','9930160311'),(892,'Pasquale','De Fraine','2020-11-16 20:02:59','pdefraineor','5LvgN8X1','4822862808'),(893,'Alma','Broadfoot','2020-11-16 20:03:01','abroadfootos','NKsM2t','7850472780'),(894,'Donnamarie','Pfeifer','2020-11-16 20:03:03','dpfeiferot','Ut6D8ZHXGubK','9685559126'),(895,'Melloney','L\'oiseau','2020-11-16 20:03:05','mloiseauou','HlI02nt8vHTg','6774902090'),(896,'Durant','Chatelain','2020-11-16 20:03:07','dchatelainov','Y4apSSWh','4442335884'),(897,'Brit','Skittrall','2020-11-16 20:03:09','bskittrallow','AVs4cN8C','9216779734'),(898,'Loretta','Eagland','2020-11-16 20:03:11','leaglandox','cnlQGZ8S','3337759856'),(899,'Cobby','Cuerda','2020-11-16 20:03:13','ccuerdaoy','bJi7y5mEf5i','1262181739'),(900,'Roi','Dinzey','2020-11-16 20:03:15','rdinzeyoz','aE5YV5Ke','7330110484'),(901,'Fraser','Wescott','2020-11-16 20:03:17','fwescottp0','a75mRil','9066791318'),(902,'Lory','Masey','2020-11-16 20:03:19','lmaseyp1','FiLDT1AzEo','2068216471'),(903,'Reinold','Sturdy','2020-11-16 20:03:21','rsturdyp2','t40LGiE','5997595471'),(904,'Poul','Kunisch','2020-11-16 20:03:23','pkunischp3','Iz4oHlqIqkb','8833857921'),(905,'Christin','Rodear','2020-11-16 20:03:25','crodearp4','sy7tp83','4838155041'),(906,'Melisa','Bracegirdle','2020-11-16 20:03:27','mbracegirdlep5','jiwbA4yWzP','2101761002'),(907,'Nariko','Luggar','2020-11-16 20:03:29','nluggarp6','1QQ2Aw','2390153637'),(908,'Jerri','Furphy','2020-11-16 20:03:31','jfurphyp7','iK8yyKX','7184781524'),(909,'Paulette','Leach','2020-11-16 20:03:33','pleachp8','tH5Ga15Go9','2929669163'),(910,'Bentley','Maitland','2020-11-16 20:03:35','bmaitlandp9','pOBuKUk','5139238526'),(911,'Orella','Jeram','2020-11-16 20:03:37','ojerampa','Lg3sqqPa6N','4397333476'),(912,'Tedman','Pietrasik','2020-11-16 20:03:39','tpietrasikpb','OE6rNWJ','7189982163'),(913,'Kara','Chitty','2020-11-16 20:03:41','kchittypc','iHK8V6','9278275415'),(914,'Remy','Poole','2020-11-16 20:03:43','rpoolepd','dkIwgmvR','5370457542'),(915,'Mariele','Bourrel','2020-11-16 20:03:45','mbourrelpe','r0MJhIV','5748335730'),(916,'Buck','Dawltrey','2020-11-16 20:03:47','bdawltreypf','E1tF1tvsme','1137145751'),(917,'Estevan','Brigham','2020-11-16 20:03:49','ebrighampg','9tPFq1pFzh','2291997613'),(918,'Fabian','Raund','2020-11-16 20:03:51','fraundph','q0NkdfRxhGCY','2524703425'),(919,'Blondell','Bram','2020-11-16 20:03:53','bbrampi','auG1PeXOicRx','5336554593'),(920,'Edouard','Billo','2020-11-16 20:03:55','ebillopj','cpXOy7','9713617595'),(921,'Jayme','Hellwich','2020-11-16 20:03:57','jhellwichpk','z2ysgI','6372873916'),(922,'Lorine','Kupke','2020-11-16 20:03:59','lkupkepl','rywXMU','2501303959'),(923,'Arty','Boone','2020-11-16 20:04:01','aboonepm','QwmHeseQbU','6715583388'),(924,'Shep','Biermatowicz','2020-11-16 20:04:03','sbiermatowiczpn','G8TBjuCFFHE3','9685784684'),(925,'Jemimah','Windas','2020-11-16 20:04:05','jwindaspo','LZ2ZQ4n50','3085430084'),(926,'Nikolas','Cubberley','2020-11-16 20:04:07','ncubberleypp','WVaoSQt','7146788182'),(927,'Maudie','Sugar','2020-11-16 20:04:09','msugarpq','1QDKJhOmrT3','3568908256'),(928,'Paige','Postan','2020-11-16 20:04:11','ppostanpr','Q5yj1Obk32Pr','3272203498'),(929,'Alice','Karsh','2020-11-16 20:04:14','akarshps','jEPZmjFcPDvo','1853818500'),(930,'Charley','Donaghie','2020-11-16 20:04:16','cdonaghiept','2D5y5mVepjom','4008685793'),(931,'Ebony','Hrynczyk','2020-11-16 20:04:18','ehrynczykpu','Sas2jaPxKe','5599505017'),(932,'Jeanie','Buckleigh','2020-11-16 20:04:20','jbuckleighpv','cH6ftW','5086794558'),(933,'Madeline','Summers','2020-11-16 20:04:22','msummerspw','9T9WeOJlSw','2168372903'),(934,'Justin','O\'Griffin','2020-11-16 20:04:23','jogriffinpx','JbS23O8','8302596811'),(935,'Cordula','Baignard','2020-11-16 20:04:26','cbaignardpy','kqcyz6yRw','3278536995'),(936,'Wilone','Poletto','2020-11-16 20:04:28','wpolettopz','SUi89E9qIwx','8711361412'),(937,'Pembroke','O\'Flynn','2020-11-16 20:04:30','poflynnq0','3zljxcF','6579123399'),(938,'Sondra','Haydn','2020-11-16 20:04:32','shaydnq1','KS8H3GrNU','9607951683'),(939,'Cornela','Farnworth','2020-11-16 20:04:34','cfarnworthq2','eMdKQGAMyzT','9161906886'),(940,'Lilian','Buckleigh','2020-11-16 20:04:36','lbuckleighq3','iAEsDK','7897837428'),(941,'Rafaelita','Furmenger','2020-11-16 20:04:38','rfurmengerq4','apqDw6l','2975089003'),(942,'Sheff','Simpkin','2020-11-16 20:04:40','ssimpkinq5','4zPANeAqQ3Xj','5375376324'),(943,'Seline','Benthall','2020-11-16 20:04:42','sbenthallq6','Uiprqj','1427679441'),(944,'Rufus','McNish','2020-11-16 20:04:44','rmcnishq7','0GQFJxHi','6122906398'),(945,'Ingrid','Stronack','2020-11-16 20:04:46','istronackq8','Utj52G','5720040625'),(946,'Stacey','Curner','2020-11-16 20:04:48','scurnerq9','aX24jh7','3793582809'),(947,'Laryssa','Dieton','2020-11-16 20:04:50','ldietonqa','6qpzLBE1m','6236279620'),(948,'Gunner','Letessier','2020-11-16 20:04:52','gletessierqb','utV03P','7497884706'),(949,'Milicent','Bernth','2020-11-16 20:04:54','mbernthqc','f9gABEZOsH','8117783808'),(950,'Frederigo','Pantridge','2020-11-16 20:04:56','fpantridgeqd','lOEIJqs','1338716844'),(951,'Caterina','Boanas','2020-11-16 20:04:58','cboanasqe','sMAA1hqjD8','3224840822'),(952,'Donia','Gleeton','2020-11-16 20:05:00','dgleetonqf','FWDAsqG5','9176918495'),(953,'Prent','Riply','2020-11-16 20:05:02','priplyqg','nfScZpZ5eW','4802175334'),(954,'Bennett','Hamlen','2020-11-16 20:05:04','bhamlenqh','CXcSfn9LLy','8805057812'),(955,'Penni','Rumble','2020-11-16 20:05:06','prumbleqi','ebJy27n','2957867708'),(956,'Garrard','Fielding','2020-11-16 20:05:08','gfieldingqj','f0h5bqQ4Q8S','4612552774'),(957,'Alfie','Zecchini','2020-11-16 20:05:10','azecchiniqk','MemcfGWBul','1824248200'),(958,'Lulita','Wakeham','2020-11-16 20:05:12','lwakehamql','hWI9QJ0vF9','6842282382'),(959,'Myrtle','Driffill','2020-11-16 20:05:14','mdriffillqm','2JDXKUK3F2I3','9038285460'),(960,'Teodora','Girodin','2020-11-16 20:05:16','tgirodinqn','KT6iA4','9222156224'),(961,'Clarie','Farherty','2020-11-16 20:05:18','cfarhertyqo','RxFzyPIj','5713344760'),(962,'Cesar','Broxholme','2020-11-16 20:05:20','cbroxholmeqp','5YfgVuMcYXL9','6207248462'),(963,'Doll','Wolsey','2020-11-16 20:05:22','dwolseyqq','ghmpMI','2118936140'),(964,'Elsy','Trassler','2020-11-16 20:05:24','etrasslerqr','DaULUXJ6','3385878985'),(965,'Derrik','Girardini','2020-11-16 20:05:26','dgirardiniqs','5zSESQQOxusG','8222148808'),(966,'Gherardo','Poundsford','2020-11-16 20:05:28','gpoundsfordqt','m1TPySk','4243583155'),(967,'Nathanil','Hansberry','2020-11-16 20:05:31','nhansberryqu','Ljt81YS3h','6412328824'),(968,'Birch','Shawyer','2020-11-16 20:05:33','bshawyerqv','HwOOeztMj','7624291785'),(969,'Ferrell','Ianitti','2020-11-16 20:05:35','fianittiqw','H4TsSvbNW8','3593352668'),(970,'Garland','Rosellini','2020-11-16 20:05:37','groselliniqx','cHTNXNlA','8953025009'),(971,'Arne','Slot','2020-11-16 20:05:39','aslotqy','2ggEXSun','8486005101'),(972,'Carmita','Woloschin','2020-11-16 20:05:41','cwoloschinqz','enZ1UsnOzj','5394184461'),(973,'Kelvin','Whittlesea','2020-11-16 20:05:43','kwhittlesear0','EdUghIq','1748589877'),(974,'Brion','Di Boldi','2020-11-16 20:05:45','bdiboldir1','ALYCoK','5167182053'),(975,'Freddy','Ruggles','2020-11-16 20:05:47','frugglesr2','MMxOoirsA','3095583724'),(976,'Benjamin','Yurchishin','2020-11-16 20:05:49','byurchishinr3','G4EsTwsrRj8H','9262491644'),(977,'Almeda','Odger','2020-11-16 20:05:51','aodgerr4','KnPFXesx','6259470351'),(978,'Barbe','Hasard','2020-11-16 20:05:53','bhasardr5','vtA0Wm5r7','4422183727'),(979,'Ned','Walkling','2020-11-16 20:05:55','nwalklingr6','o1KmjvFam','1901860014'),(980,'Kipper','Casemore','2020-11-16 20:05:57','kcasemorer7','dqxQLTuPeOS7','1038688629'),(981,'Torre','Miall','2020-11-16 20:05:59','tmiallr8','0gTEWdwwSS28','6537110765'),(982,'Winthrop','Seignior','2020-11-16 20:06:01','wseigniorr9','wFFw24KpL','2875232125'),(983,'Isadora','Hayen','2020-11-16 20:06:03','ihayenra','YpWeIrNiB','9449599534'),(984,'Berti','Chapiro','2020-11-16 20:06:05','bchapirorb','2O3eti','9508786734'),(985,'Celestine','Oloman','2020-11-16 20:06:07','colomanrc','xhC0ps','3797189060'),(986,'Dorey','Lamort','2020-11-16 20:06:09','dlamortrd','Dot6BwP','9617285251'),(987,'Selina','Murrthum','2020-11-16 20:06:11','smurrthumre','7lhXxK7db01H','9824504492'),(988,'Alvis','Strickett','2020-11-16 20:06:13','astrickettrf','UOeN8yZk6Wi','9973144928'),(989,'Stepha','Latehouse','2020-11-16 20:06:15','slatehouserg','TX1RozLO','2469742405'),(990,'Kirbee','Cashen','2020-11-16 20:06:17','kcashenrh','gQxgOu','5513700698'),(991,'Oralee','Fairholme','2020-11-16 20:06:19','ofairholmeri','euevtU2b','7454256407'),(992,'Chaddie','Skerratt','2020-11-16 20:06:21','cskerrattrj','iSoOPhT7HA','3181773451'),(993,'Vail','O\'Gleasane','2020-11-16 20:06:23','vogleasanerk','l1N2r1p6','7360685776'),(994,'Jody','Nicklin','2020-11-16 20:06:25','jnicklinrl','q7W6yV','7617018816'),(995,'Lotta','Bonas','2020-11-16 20:06:27','lbonasrm','YkBarln','2685004777'),(996,'Livy','Gait','2020-11-16 20:06:29','lgaitrn','5EkPzqdB0','6148612917'),(997,'Odelinda','Faucett','2020-11-16 20:06:31','ofaucettro','FzWc7Jc','9786261432'),(998,'Manda','Mateescu','2020-11-16 20:06:33','mmateescurp','1HzXYaGp','1477324451'),(999,'Marius','Ozanne','2020-11-16 20:06:35','mozannerq','LHx8tDozi','4729281061'),(1000,'Sherline','Cottell','2020-11-16 20:06:38','scottellrr','uqByhzOxbmW','6587638841'),(1002,'test','user','2020-11-20 07:00:16','tuser20','testuser','1234567890'),(1003,'project','test','2020-11-23 05:47:37','ptest50','test','234567890876'),(1004,'Kelsey','Benjamin','2020-11-23 22:18:04','kbenjamin4','April2000!-','8323383054'),(1005,'panthergrill','test','2020-11-23 22:55:04','pgrill20','test','0987654321'),(1006,'panthergrill','test','2020-11-23 22:56:13','pgrill20','test','0987654321');
/*!40000 ALTER TABLE `users` ENABLE KEYS */;
UNLOCK TABLES;

--
-- Final view structure for view `twoweek_schedule`
--

/*!50001 DROP VIEW IF EXISTS `twoweek_schedule`*/;
/*!50001 SET @saved_cs_client          = @@character_set_client */;
/*!50001 SET @saved_cs_results         = @@character_set_results */;
/*!50001 SET @saved_col_connection     = @@collation_connection */;
/*!50001 SET character_set_client      = utf8mb4 */;
/*!50001 SET character_set_results     = utf8mb4 */;
/*!50001 SET collation_connection      = utf8mb4_0900_ai_ci */;
/*!50001 CREATE ALGORITHM=UNDEFINED */
/*!50013 DEFINER=`root`@`localhost` SQL SECURITY DEFINER */
/*!50001 VIEW `twoweek_schedule` AS select `employee`.`idemployee` AS `idemployee`,`schedule`.`date` AS `date`,`location`.`address` AS `address`,`shifts`.`shiftType` AS `shiftType` from (((`schedule` join `shifts` on((`shifts`.`idShift` = `schedule`.`idShift`))) join `location` on((`location`.`idlocation` = `schedule`.`idLocation`))) join `employee` on((`employee`.`idemployee` = `schedule`.`idEmployee`))) where ((`schedule`.`date` >= curdate()) and (`schedule`.`date` < (curdate() + 14))) order by `schedule`.`date` */;
/*!50001 SET character_set_client      = @saved_cs_client */;
/*!50001 SET character_set_results     = @saved_cs_results */;
/*!50001 SET collation_connection      = @saved_col_connection */;
/*!40103 SET TIME_ZONE=@OLD_TIME_ZONE */;

/*!40101 SET SQL_MODE=@OLD_SQL_MODE */;
/*!40014 SET FOREIGN_KEY_CHECKS=@OLD_FOREIGN_KEY_CHECKS */;
/*!40014 SET UNIQUE_CHECKS=@OLD_UNIQUE_CHECKS */;
/*!40101 SET CHARACTER_SET_CLIENT=@OLD_CHARACTER_SET_CLIENT */;
/*!40101 SET CHARACTER_SET_RESULTS=@OLD_CHARACTER_SET_RESULTS */;
/*!40101 SET COLLATION_CONNECTION=@OLD_COLLATION_CONNECTION */;
/*!40111 SET SQL_NOTES=@OLD_SQL_NOTES */;

-- Dump completed on 2020-11-25 20:53:29